IQ,Bengali,English,History,Political Science,Education,Sociology,Geography,Domain
95,94,96,62,94,71,0,79,Law
95,93,96,0,96,70,74,61,Law
86,92,93,0,100,77,70,73,Law
95,87,95,0,98,64,64,69,Law
88,93,100,0,96,63,64,64,Law
90,95,91,0,93,74,62,64,Law
89,88,97,72,95,74,67,0,Law
91,84,94,65,95,78,70,0,Law
94,100,91,79,99,62,60,0,Law
86,96,95,0,99,67,65,78,Law
87,97,97,78,99,68,0,71,Law
90,96,93,0,94,75,68,76,Law
94,82,100,0,98,69,62,75,Law
92,87,94,67,99,80,80,0,Law
87,99,92,78,98,0,68,75,Law
85,100,92,0,91,75,79,74,Law
85,97,99,0,98,77,77,78,Law
94,86,96,67,92,71,0,62,Law
93,88,92,68,98,65,78,0,Law
91,95,94,70,98,79,0,78,Law
95,81,97,61,97,0,66,71,Law
86,91,97,73,94,0,71,80,Law
90,84,98,66,93,66,0,70,Law
94,87,94,77,94,0,61,77,Law
90,98,97,74,100,0,79,78,Law
93,86,97,63,100,79,0,67,Law
90,83,96,0,91,65,70,62,Law
93,84,91,69,92,0,76,77,Law
88,90,94,72,91,62,0,65,Law
86,93,93,65,99,64,67,0,Law
91,82,96,0,99,79,64,60,Law
92,96,93,66,97,80,72,0,Law
90,92,95,0,94,74,77,77,Law
85,96,94,72,93,79,0,71,Law
88,91,96,70,97,0,72,71,Law
91,94,92,62,93,0,76,73,Law
86,92,95,78,92,0,78,60,Law
91,86,98,69,94,64,0,68,Law
92,98,97,0,91,60,71,64,Law
93,84,99,74,94,66,64,0,Law
91,86,100,0,100,65,73,74,Law
86,100,91,70,98,61,0,66,Law
95,89,96,74,92,77,0,64,Law
86,84,95,74,94,74,0,72,Law
85,94,99,64,91,73,79,0,Law
94,99,98,0,95,67,76,80,Law
93,93,99,76,97,0,63,74,Law
89,92,97,66,92,62,0,63,Law
95,90,92,80,100,0,70,76,Law
90,90,99,69,93,0,70,61,Law
90,81,93,77,95,70,70,0,Law
93,86,93,70,95,74,0,68,Law
88,83,96,63,99,0,69,68,Law
89,92,96,68,91,60,0,74,Law
94,91,98,0,97,67,60,67,Law
85,99,94,62,98,66,60,0,Law
92,85,95,76,95,79,68,0,Law
94,98,94,61,100,65,60,0,Law
94,99,95,0,94,72,67,75,Law
94,90,92,70,93,66,0,67,Law
91,87,97,0,96,67,61,67,Law
87,83,93,76,99,71,0,64,Law
86,90,99,60,100,0,70,70,Law
94,88,94,64,92,0,70,64,Law
93,99,95,62,95,61,0,72,Law
87,96,93,62,100,62,77,0,Law
91,81,94,0,100,68,62,73,Law
89,99,100,64,94,77,0,74,Law
92,86,91,65,95,67,61,0,Law
86,85,94,0,100,61,77,65,Law
90,84,96,66,92,0,67,68,Law
89,93,100,65,92,71,71,0,Law
94,92,97,74,97,61,79,0,Law
89,90,98,66,100,63,0,63,Law
92,100,91,77,98,67,79,0,Law
95,97,91,71,95,80,0,80,Law
86,95,93,76,92,0,64,79,Law
87,83,94,0,92,78,60,75,Law
93,94,95,0,98,73,77,72,Law
91,94,91,67,91,64,0,79,Law
94,88,100,60,98,0,75,79,Law
86,97,94,76,93,61,67,0,Law
95,100,100,63,91,0,70,69,Law
90,81,93,0,93,69,74,68,Law
88,85,99,70,98,74,63,0,Law
93,96,97,75,93,63,61,0,Law
88,88,96,68,95,66,0,64,Law
87,85,91,66,100,62,60,0,Law
95,90,99,0,91,64,69,77,Law
90,94,93,0,94,79,60,74,Law
89,82,97,71,92,74,0,65,Law
91,90,99,78,96,77,66,0,Law
95,90,98,64,97,74,66,0,Law
95,91,91,75,95,69,0,69,Law
95,82,94,78,100,68,80,0,Law
91,100,93,63,96,0,66,70,Law
94,93,94,79,93,0,70,62,Law
92,86,91,0,93,66,60,61,Law
95,97,100,68,100,77,0,70,Law
87,87,91,67,92,0,61,67,Law
86,86,94,80,92,78,63,0,Law
87,99,98,75,97,72,0,69,Law
92,84,91,62,91,78,74,0,Law
91,82,92,0,94,79,71,63,Law
85,98,98,79,95,78,76,0,Law
86,83,95,63,91,64,0,68,Law
92,91,97,69,95,60,69,0,Law
85,95,94,0,100,63,72,65,Law
91,85,100,60,99,62,0,68,Law
93,83,93,76,96,69,72,0,Law
85,82,99,74,94,76,0,70,Law
95,94,97,72,92,68,78,0,Law
90,100,91,61,94,72,77,0,Law
87,97,91,74,93,75,0,68,Law
92,93,91,0,91,67,75,72,Law
94,91,96,0,92,74,63,60,Law
93,95,99,75,95,70,0,70,Law
93,86,97,0,96,74,66,78,Law
85,97,93,74,95,0,67,77,Law
93,90,91,0,100,67,80,77,Law
85,97,99,79,100,77,63,0,Law
92,92,96,0,92,74,63,77,Law
85,93,98,0,92,60,73,62,Law
88,95,96,72,99,0,66,76,Law
86,100,94,62,99,61,65,0,Law
94,92,95,68,91,0,73,69,Law
93,91,99,68,98,71,0,69,Law
95,93,99,0,91,60,78,63,Law
94,88,96,76,95,69,69,0,Law
93,98,94,0,95,70,72,78,Law
91,86,94,70,91,0,65,66,Law
92,82,100,61,98,0,78,60,Law
91,84,96,68,98,0,60,60,Law
94,97,95,63,100,60,0,71,Law
91,94,97,0,96,67,71,60,Law
91,90,96,0,96,67,63,60,Law
92,90,96,60,97,0,63,68,Law
90,91,92,78,97,0,63,63,Law
89,93,92,79,98,67,75,0,Law
93,93,92,74,97,72,0,75,Law
87,81,93,75,96,0,62,75,Law
93,98,98,77,94,60,68,0,Law
93,90,96,0,96,67,75,63,Law
90,82,91,77,92,73,64,0,Law
93,96,94,76,97,61,0,65,Law
94,95,93,79,93,69,73,0,Law
92,85,100,60,95,76,77,0,Law
86,91,99,63,100,64,67,0,Law
94,100,91,60,91,0,64,77,Law
90,86,96,79,93,0,79,76,Law
90,88,94,63,99,0,62,74,Law
88,93,100,61,92,70,0,77,Law
89,97,93,62,98,66,70,0,Law
94,93,99,0,94,73,61,74,Law
94,90,99,79,94,0,70,75,Law
89,97,96,62,94,62,66,0,Law
85,100,99,65,97,0,66,62,Law
88,83,100,64,92,0,76,63,Law
89,96,96,0,91,73,64,68,Law
92,97,99,76,98,0,73,69,Law
93,100,100,66,95,77,68,0,Law
89,96,92,77,100,0,63,64,Law
90,92,95,80,94,71,67,0,Law
94,85,96,79,94,0,79,75,Law
89,81,98,67,92,0,77,61,Law
91,82,100,67,99,71,0,72,Law
85,89,100,75,95,0,72,68,Law
89,100,95,75,95,75,0,68,Law
90,84,92,0,99,66,68,60,Law
92,93,94,76,92,0,72,72,Law
89,91,91,64,93,60,68,0,Law
90,87,95,0,93,76,66,67,Law
85,94,91,74,91,80,0,75,Law
86,86,98,0,95,78,63,72,Law
94,88,92,61,95,61,0,61,Law
90,96,93,74,94,64,62,0,Law
85,99,97,78,97,75,0,65,Law
92,95,100,62,98,71,66,0,Law
85,84,91,77,98,74,74,0,Law
91,84,93,0,97,63,68,69,Law
90,92,99,72,96,0,72,80,Law
95,99,91,75,91,61,74,0,Law
92,92,94,73,91,0,61,80,Law
87,91,98,66,98,67,0,64,Law
88,85,92,71,95,68,71,0,Law
95,95,100,75,100,0,62,63,Law
86,83,96,66,100,0,73,67,Law
88,100,91,63,93,64,0,76,Law
89,86,96,0,93,65,70,63,Law
89,98,97,65,97,63,0,79,Law
95,97,92,80,98,0,65,69,Law
85,94,92,76,94,69,0,64,Law
89,93,94,0,94,63,62,73,Law
95,99,94,67,96,80,0,71,Law
93,96,94,71,97,80,80,0,Law
95,96,100,65,98,80,64,0,Law
95,96,91,0,96,75,72,76,Law
93,98,98,63,100,70,0,66,Law
89,93,96,66,97,70,0,63,Law
89,85,97,80,98,74,0,71,Law
95,89,95,78,91,66,0,64,Law
86,94,95,62,100,79,0,62,Law
86,97,93,66,99,0,65,60,Law
88,87,98,79,98,0,78,75,Law
93,81,100,0,96,62,80,60,Law
92,86,97,0,92,68,71,72,Law
85,82,91,61,99,0,74,75,Law
89,88,93,64,97,65,72,0,Law
91,85,92,0,94,77,79,77,Law
94,99,99,79,92,0,73,79,Law
93,91,92,0,95,73,79,75,Law
95,84,100,75,98,79,0,61,Law
94,85,100,67,97,63,0,73,Law
90,81,95,67,100,70,61,0,Law
86,86,94,70,92,0,61,71,Law
94,95,93,75,97,80,0,66,Law
92,87,94,0,98,77,76,79,Law
93,88,92,70,95,0,68,61,Law
89,100,93,62,94,67,0,72,Law
95,100,91,61,98,74,72,0,Law
85,89,97,0,97,75,80,74,Law
90,88,98,0,95,73,78,75,Law
88,93,92,67,99,62,0,72,Law
95,92,93,74,98,69,0,68,Law
93,89,91,63,92,65,0,63,Law
91,93,100,0,95,66,72,79,Law
86,94,96,67,94,0,64,78,Law
95,97,97,69,95,0,70,69,Law
88,88,95,63,94,73,0,65,Law
87,93,97,74,95,0,66,73,Law
85,84,98,68,94,0,77,61,Law
89,97,97,78,96,63,65,0,Law
86,91,99,69,98,0,72,76,Law
85,84,99,0,98,69,68,68,Law
91,85,95,0,100,75,62,65,Law
90,100,99,60,97,0,68,78,Law
91,82,94,80,99,0,63,76,Law
85,88,93,63,97,61,79,0,Law
85,99,98,62,100,73,67,0,Law
91,90,91,74,100,0,63,80,Law
94,92,100,0,93,63,60,78,Law
87,93,95,74,93,69,66,0,Law
91,94,99,77,92,0,65,80,Law
90,92,97,0,92,66,73,68,Law
88,85,91,61,96,0,72,77,Law
90,95,98,74,95,64,0,62,Law
89,99,95,65,100,72,0,78,Law
95,92,93,67,91,79,62,0,Law
89,97,99,74,92,0,76,76,Law
86,93,94,68,97,78,72,0,Law
85,91,94,79,95,61,63,0,Law
95,93,95,68,95,66,60,0,Law
87,96,92,80,97,0,78,79,Law
89,83,92,79,91,0,75,79,Law
89,95,95,63,91,67,73,0,Law
90,99,92,75,99,61,0,64,Law
88,86,100,79,92,62,65,0,Law
88,100,91,67,98,73,0,74,Law
95,92,96,66,92,63,0,75,Law
91,87,93,78,95,0,65,62,Law
85,86,95,77,99,0,69,78,Law
94,98,96,65,96,0,80,68,Law
87,91,99,71,99,63,0,70,Law
85,92,96,65,93,79,79,0,Law
91,87,98,0,100,61,60,77,Law
91,91,100,76,98,0,78,67,Law
88,83,96,0,91,65,74,80,Law
95,92,98,60,93,65,0,65,Law
89,94,91,71,95,60,0,74,Law
92,95,93,70,96,0,73,69,Law
86,93,93,69,98,0,70,62,Law
89,96,96,68,92,70,0,74,Law
92,90,92,70,97,64,63,0,Law
87,82,97,72,95,0,61,76,Law
88,100,94,60,96,73,0,77,Law
91,82,91,66,99,65,66,0,Law
86,83,100,77,96,61,74,0,Law
90,90,91,74,94,76,0,68,Law
94,84,100,73,96,67,65,0,Law
93,94,93,60,96,63,67,0,Law
90,83,95,0,94,76,79,79,Law
88,97,98,73,94,69,0,80,Law
89,87,100,0,92,75,71,73,Law
85,91,94,74,93,61,78,0,Law
92,99,91,80,99,0,73,79,Law
89,98,92,67,96,79,71,0,Law
86,83,100,77,96,61,69,0,Law
94,88,98,72,97,76,0,74,Law
88,84,99,0,97,77,64,63,Law
87,95,99,0,98,76,61,72,Law
86,87,98,78,99,68,79,0,Law
91,89,97,68,92,68,61,0,Law
90,86,99,69,97,0,71,71,Law
93,82,97,80,93,64,70,0,Law
89,95,93,69,99,61,0,62,Law
85,88,91,63,92,71,0,71,Law
92,86,91,60,93,65,0,74,Law
86,94,94,69,97,0,70,80,Law
94,90,98,0,92,78,71,77,Law
93,95,94,62,100,80,60,0,Law
85,68,69,63,75,97,89,0,Psychology
85,62,72,0,74,92,95,69,Psychology
95,79,61,80,0,89,92,75,Psychology
90,68,66,73,69,90,86,0,Psychology
89,72,79,0,77,98,94,60,Psychology
93,74,63,71,0,100,86,60,Psychology
93,60,78,73,77,87,86,0,Psychology
88,78,65,61,0,87,96,77,Psychology
85,64,79,63,0,93,100,68,Psychology
85,68,63,67,0,97,90,66,Psychology
90,61,66,0,76,98,98,74,Psychology
93,66,79,80,0,88,91,74,Psychology
91,78,80,70,0,87,87,66,Psychology
87,70,75,71,75,91,95,0,Psychology
93,74,69,76,0,93,88,72,Psychology
95,69,70,80,0,92,90,76,Psychology
88,72,61,68,63,86,94,0,Psychology
93,70,60,0,76,96,94,77,Psychology
86,76,64,0,69,93,95,79,Psychology
91,76,80,0,66,86,86,69,Psychology
94,69,69,74,0,86,97,79,Psychology
91,60,74,0,74,97,88,64,Psychology
95,74,79,0,80,97,93,71,Psychology
94,75,74,76,0,93,96,60,Psychology
88,79,74,0,67,86,95,60,Psychology
90,64,68,74,77,99,87,0,Psychology
89,73,70,0,71,98,86,60,Psychology
94,73,67,62,0,90,92,61,Psychology
92,66,62,68,0,91,91,68,Psychology
90,77,76,66,62,96,100,0,Psychology
91,74,73,61,0,97,88,73,Psychology
87,61,69,68,62,99,100,0,Psychology
89,75,61,66,70,95,87,0,Psychology
85,74,64,60,61,98,88,0,Psychology
90,64,75,0,66,100,92,70,Psychology
95,66,72,69,0,88,95,77,Psychology
85,65,65,0,69,89,89,76,Psychology
91,66,64,0,77,91,97,76,Psychology
94,62,79,72,0,98,94,68,Psychology
88,62,66,0,73,88,90,76,Psychology
88,62,76,72,61,99,100,0,Psychology
94,62,65,80,0,93,91,76,Psychology
95,72,65,74,0,86,98,71,Psychology
85,79,68,0,62,94,98,70,Psychology
95,66,69,78,72,93,92,0,Psychology
87,73,67,72,0,93,92,63,Psychology
87,71,79,62,63,91,89,0,Psychology
89,75,61,0,66,87,99,78,Psychology
93,60,64,74,62,95,96,0,Psychology
94,76,68,60,0,90,94,76,Psychology
88,79,77,78,61,91,99,0,Psychology
89,69,76,61,0,96,97,60,Psychology
93,60,66,0,64,90,93,80,Psychology
95,69,67,64,72,99,99,0,Psychology
91,72,78,64,72,92,96,0,Psychology
90,64,80,71,0,91,98,79,Psychology
94,63,73,0,77,100,87,64,Psychology
85,69,74,0,73,92,98,64,Psychology
87,71,67,0,73,89,92,70,Psychology
86,79,63,68,0,99,92,79,Psychology
95,76,78,0,78,87,99,60,Psychology
93,80,78,65,0,92,89,63,Psychology
87,71,77,68,0,92,93,63,Psychology
88,66,60,60,79,95,99,0,Psychology
91,79,64,69,74,100,98,0,Psychology
86,78,72,65,79,99,94,0,Psychology
94,73,68,62,0,91,96,68,Psychology
88,68,67,78,0,89,99,67,Psychology
87,71,76,0,65,93,100,66,Psychology
91,74,76,0,77,88,91,68,Psychology
92,79,64,68,0,86,88,62,Psychology
89,80,67,73,66,89,88,0,Psychology
95,62,80,0,75,98,94,64,Psychology
95,75,70,65,0,98,92,71,Psychology
94,80,74,79,77,89,89,0,Psychology
86,64,65,0,63,99,92,62,Psychology
86,80,61,0,68,100,98,77,Psychology
85,75,80,65,67,96,94,0,Psychology
95,79,64,60,67,90,99,0,Psychology
88,64,73,66,0,86,96,79,Psychology
87,77,61,70,74,97,87,0,Psychology
89,73,61,70,66,97,100,0,Psychology
90,66,76,67,0,90,100,62,Psychology
93,75,68,67,60,89,96,0,Psychology
95,64,73,63,60,91,93,0,Psychology
92,67,67,78,73,94,97,0,Psychology
88,70,79,0,75,88,100,68,Psychology
94,63,73,0,75,96,86,80,Psychology
95,71,78,0,76,90,94,61,Psychology
85,64,70,0,69,95,94,64,Psychology
91,63,76,65,0,91,100,79,Psychology
93,67,70,0,80,89,86,61,Psychology
87,77,77,72,76,100,93,0,Psychology
86,68,74,0,62,87,88,71,Psychology
86,73,77,79,74,95,86,0,Psychology
94,63,72,63,79,86,92,0,Psychology
89,67,77,74,68,99,95,0,Psychology
94,68,76,0,66,92,94,61,Psychology
87,73,60,61,0,88,99,68,Psychology
91,61,63,60,78,95,86,0,Psychology
94,79,64,0,64,92,91,68,Psychology
90,66,73,76,75,90,89,0,Psychology
88,63,70,0,69,98,86,62,Psychology
86,65,69,61,0,100,96,80,Psychology
85,79,70,70,0,97,93,75,Psychology
89,64,78,0,74,87,92,63,Psychology
93,66,79,74,75,94,94,0,Psychology
85,60,61,0,72,99,95,60,Psychology
89,71,70,63,0,99,97,68,Psychology
89,66,75,0,60,92,88,76,Psychology
89,69,65,71,0,98,98,80,Psychology
89,72,65,0,75,89,98,66,Psychology
92,69,72,72,0,86,86,66,Psychology
90,65,72,78,0,86,99,68,Psychology
85,69,74,80,0,87,94,68,Psychology
93,70,80,0,71,95,89,72,Psychology
95,71,66,73,0,88,86,60,Psychology
93,77,77,0,76,99,88,80,Psychology
95,60,64,64,62,90,97,0,Psychology
88,67,62,62,0,86,95,60,Psychology
89,67,73,0,75,95,87,66,Psychology
90,61,63,69,78,88,89,0,Psychology
92,61,70,67,0,88,90,63,Psychology
86,78,60,60,0,91,90,68,Psychology
88,62,75,69,69,89,88,0,Psychology
86,77,67,73,77,93,90,0,Psychology
90,71,60,0,68,96,88,73,Psychology
93,70,63,65,80,87,93,0,Psychology
92,74,79,78,68,98,100,0,Psychology
88,76,67,0,80,100,100,72,Psychology
91,66,78,61,65,96,98,0,Psychology
89,73,61,67,0,92,100,78,Psychology
87,68,78,69,0,91,91,66,Psychology
94,63,69,75,69,95,88,0,Psychology
92,67,61,71,61,90,97,0,Psychology
90,71,79,0,71,93,90,77,Psychology
93,66,65,0,79,94,90,79,Psychology
87,65,61,0,63,87,88,71,Psychology
88,76,61,0,61,98,87,79,Psychology
91,68,61,78,0,97,100,67,Psychology
94,77,78,64,61,87,98,0,Psychology
95,64,74,78,63,97,88,0,Psychology
88,62,80,77,0,97,86,75,Psychology
87,75,77,62,71,96,88,0,Psychology
91,62,68,61,0,93,97,73,Psychology
87,72,77,75,0,99,96,65,Psychology
95,76,80,0,80,98,88,74,Psychology
89,65,63,72,0,92,95,69,Psychology
90,73,79,0,78,96,94,79,Psychology
86,67,60,73,0,94,89,80,Psychology
93,66,79,75,0,90,97,80,Psychology
93,67,67,76,70,86,94,0,Psychology
90,61,65,0,67,93,89,76,Psychology
90,74,71,72,0,88,96,73,Psychology
85,69,70,0,75,91,87,78,Psychology
87,80,76,74,71,92,88,0,Psychology
93,74,77,65,63,89,93,0,Psychology
90,74,71,0,69,99,90,76,Psychology
90,80,60,69,66,89,99,0,Psychology
95,74,60,75,61,87,88,0,Psychology
93,74,79,0,79,89,87,77,Psychology
94,66,76,67,0,87,89,76,Psychology
88,76,73,60,75,90,95,0,Psychology
89,66,76,0,64,100,93,65,Psychology
90,80,67,0,62,95,89,76,Psychology
86,71,60,68,60,88,97,0,Psychology
91,65,78,64,63,97,86,0,Psychology
86,71,66,71,0,92,87,66,Psychology
90,61,74,0,61,88,88,76,Psychology
87,62,66,71,0,94,89,68,Psychology
91,60,74,77,72,86,100,0,Psychology
89,62,65,73,0,88,98,64,Psychology
93,64,77,0,80,100,90,75,Psychology
87,71,60,0,60,86,100,75,Psychology
91,78,62,62,74,88,100,0,Psychology
95,75,75,79,73,86,90,0,Psychology
87,62,68,64,61,97,87,0,Psychology
95,72,77,0,63,96,92,76,Psychology
89,78,63,77,0,100,99,76,Psychology
85,73,73,78,0,87,100,73,Psychology
85,63,63,61,0,99,96,75,Psychology
90,71,66,62,0,97,90,68,Psychology
94,75,74,65,62,94,99,0,Psychology
95,65,72,0,76,99,86,68,Psychology
94,66,75,67,74,89,100,0,Psychology
94,75,71,0,72,100,97,70,Psychology
85,74,70,72,62,94,97,0,Psychology
91,65,71,0,70,90,91,61,Psychology
95,71,69,73,79,94,97,0,Psychology
85,74,78,62,72,86,97,0,Psychology
93,68,69,62,61,87,88,0,Psychology
89,73,63,0,77,90,89,71,Psychology
85,75,75,70,67,99,100,0,Psychology
90,80,69,61,70,90,94,0,Psychology
92,67,75,73,0,100,96,63,Psychology
85,78,64,63,64,93,99,0,Psychology
87,72,65,64,0,87,86,80,Psychology
93,75,77,62,0,86,97,62,Psychology
85,69,68,61,77,99,94,0,Psychology
88,74,69,60,0,93,98,72,Psychology
85,64,74,79,0,88,86,77,Psychology
94,74,60,74,69,94,89,0,Psychology
94,74,68,0,76,87,92,74,Psychology
94,68,78,0,68,86,88,63,Psychology
90,65,65,0,69,98,89,80,Psychology
92,75,76,65,0,86,92,67,Psychology
88,66,77,0,77,88,90,66,Psychology
85,80,64,0,68,92,95,66,Psychology
95,77,70,0,75,86,89,69,Psychology
90,60,80,69,0,91,88,60,Psychology
93,72,68,72,69,90,89,0,Psychology
94,71,79,67,69,93,95,0,Psychology
91,67,62,75,80,91,96,0,Psychology
92,69,80,0,61,100,93,72,Psychology
95,77,69,61,0,86,97,79,Psychology
90,68,70,0,66,86,94,72,Psychology
94,64,73,80,61,98,91,0,Psychology
94,69,71,68,0,91,94,62,Psychology
89,74,74,0,66,100,87,71,Psychology
92,76,79,62,0,87,92,65,Psychology
91,72,66,74,0,90,93,73,Psychology
85,79,65,0,61,90,100,69,Psychology
85,70,80,0,68,86,94,71,Psychology
87,78,72,0,78,91,93,71,Psychology
93,77,73,77,0,91,95,63,Psychology
95,76,60,72,0,87,100,67,Psychology
87,64,65,70,0,87,86,76,Psychology
94,61,66,67,79,90,86,0,Psychology
88,63,80,67,0,98,88,67,Psychology
87,77,76,0,62,88,94,72,Psychology
85,70,67,77,73,96,91,0,Psychology
90,64,63,68,0,92,97,71,Psychology
95,62,65,72,78,90,98,0,Psychology
89,76,61,60,65,90,97,0,Psychology
85,69,60,0,66,94,91,63,Psychology
88,66,66,0,72,100,89,76,Psychology
86,63,66,78,74,95,92,0,Psychology
88,75,78,64,67,88,93,0,Psychology
85,78,72,0,69,97,98,73,Psychology
90,79,65,77,0,99,90,77,Psychology
93,67,76,0,64,98,90,68,Psychology
95,78,61,0,62,92,93,72,Psychology
94,80,66,72,0,95,95,76,Psychology
87,74,63,70,0,99,96,73,Psychology
87,80,66,70,72,94,95,0,Psychology
95,79,67,66,0,86,94,77,Psychology
85,76,71,68,73,91,94,0,Psychology
88,65,62,71,0,95,100,79,Psychology
86,74,77,66,75,98,96,0,Psychology
86,78,60,0,64,100,97,70,Psychology
90,60,76,70,0,90,93,68,Psychology
95,69,65,0,62,93,99,78,Psychology
92,73,69,76,77,95,100,0,Psychology
87,74,63,66,72,86,98,0,Psychology
94,72,68,64,0,94,94,77,Psychology
88,62,71,65,0,100,89,61,Psychology
90,80,68,63,63,89,90,0,Psychology
89,75,72,0,75,86,97,76,Psychology
91,62,62,79,0,99,95,67,Psychology
90,69,66,72,62,95,96,0,Psychology
86,62,62,0,66,96,88,65,Psychology
91,67,70,0,73,86,92,72,Psychology
87,70,69,0,76,98,93,78,Psychology
90,60,79,68,0,95,96,68,Psychology
90,80,80,0,70,97,96,71,Psychology
88,67,61,0,61,100,100,64,Psychology
86,61,76,0,63,91,95,66,Psychology
91,66,74,65,0,99,97,76,Psychology
86,80,70,72,70,88,97,0,Psychology
88,70,77,64,65,97,97,0,Psychology
85,71,62,78,0,94,94,77,Psychology
86,73,80,71,0,91,87,62,Psychology
87,78,78,0,63,96,92,80,Psychology
89,72,61,79,75,93,99,0,Psychology
85,65,67,0,73,98,86,60,Psychology
93,64,67,75,0,97,93,74,Psychology
91,62,73,0,70,94,93,73,Psychology
87,74,75,68,60,92,100,0,Psychology
93,78,77,0,77,97,93,66,Psychology
94,71,79,0,71,96,91,72,Psychology
94,76,80,74,77,94,98,0,Psychology
91,76,70,73,0,90,91,71,Psychology
86,77,71,0,72,99,97,76,Psychology
95,67,69,63,0,96,86,62,Psychology
94,71,77,0,69,100,89,74,Psychology
89,73,62,0,68,86,86,73,Psychology
91,78,79,0,79,89,99,73,Psychology
90,69,80,0,76,91,89,62,Psychology
89,77,67,71,66,92,88,0,Psychology
89,64,73,76,65,93,98,0,Psychology
90,73,74,74,71,100,97,0,Psychology
90,64,72,71,0,94,90,77,Psychology
92,74,62,80,67,92,99,0,Psychology
91,69,63,64,0,99,90,79,Psychology
88,66,72,0,71,100,89,73,Psychology
86,62,80,76,0,99,92,80,Psychology
86,69,80,75,0,97,88,79,Psychology
89,75,67,0,79,92,87,73,Psychology
95,73,79,0,77,87,91,66,Psychology
90,80,67,67,74,96,95,0,Psychology
92,95,100,75,76,76,68,0,Journalism
92,98,100,76,77,79,0,80,Journalism
93,95,98,62,68,0,78,79,Journalism
99,94,98,69,0,78,66,67,Journalism
99,93,96,76,74,0,76,60,Journalism
91,89,95,0,79,74,69,69,Journalism
91,89,95,60,79,68,0,72,Journalism
96,98,90,61,0,73,71,74,Journalism
97,93,90,75,76,61,64,0,Journalism
90,90,95,63,71,0,78,74,Journalism
96,94,99,0,74,79,75,71,Journalism
96,90,91,0,66,66,76,70,Journalism
95,95,89,70,79,0,67,62,Journalism
100,93,89,61,71,75,68,0,Journalism
97,98,93,62,61,71,69,0,Journalism
95,98,94,72,0,79,61,65,Journalism
100,98,98,60,64,61,67,0,Journalism
93,94,95,68,71,0,76,71,Journalism
90,100,99,71,0,70,61,69,Journalism
100,90,96,75,68,79,0,69,Journalism
92,90,98,74,71,0,67,64,Journalism
96,93,91,64,76,74,69,0,Journalism
92,95,92,69,73,74,60,0,Journalism
93,92,95,60,75,72,80,0,Journalism
98,96,98,68,76,65,0,75,Journalism
100,90,92,63,77,60,0,61,Journalism
91,93,89,66,0,78,68,71,Journalism
98,94,100,75,66,69,60,0,Journalism
95,90,100,74,0,61,67,73,Journalism
98,99,98,79,66,0,75,69,Journalism
96,90,95,77,69,73,64,0,Journalism
91,90,95,0,69,71,71,65,Journalism
91,93,90,64,0,74,70,65,Journalism
95,90,99,70,0,74,76,77,Journalism
100,92,93,60,64,69,78,0,Journalism
100,92,93,66,0,67,72,77,Journalism
91,100,99,69,0,70,67,74,Journalism
93,98,89,0,80,78,72,62,Journalism
95,97,97,73,75,0,80,70,Journalism
96,91,91,70,0,80,62,63,Journalism
92,98,96,0,77,74,80,63,Journalism
97,100,89,0,63,70,67,77,Journalism
98,100,93,0,71,80,67,79,Journalism
100,89,94,63,62,60,70,0,Journalism
94,96,96,76,70,0,68,75,Journalism
100,90,95,78,63,64,78,0,Journalism
90,95,99,79,0,68,63,64,Journalism
96,90,89,70,73,80,72,0,Journalism
98,96,95,0,71,79,72,62,Journalism
99,96,90,73,75,78,72,0,Journalism
93,93,93,79,61,0,62,78,Journalism
100,100,94,62,0,68,73,65,Journalism
94,100,94,61,0,70,77,64,Journalism
99,95,90,64,65,61,72,0,Journalism
92,100,91,0,69,61,67,62,Journalism
92,99,92,72,0,61,77,61,Journalism
95,96,97,0,68,63,69,72,Journalism
99,98,89,72,67,62,0,67,Journalism
97,99,99,0,62,67,80,63,Journalism
100,94,95,79,77,62,0,66,Journalism
100,89,100,71,70,64,0,73,Journalism
94,91,100,75,66,75,0,75,Journalism
96,98,95,80,0,75,80,60,Journalism
91,95,98,66,0,78,64,79,Journalism
91,91,89,67,77,0,76,63,Journalism
95,92,98,0,75,74,71,77,Journalism
90,95,92,76,66,72,80,0,Journalism
99,92,97,0,79,60,70,63,Journalism
98,91,90,65,61,66,0,71,Journalism
96,98,94,66,63,64,0,60,Journalism
91,99,92,74,64,66,0,63,Journalism
90,100,92,67,66,69,67,0,Journalism
97,93,94,0,69,71,69,62,Journalism
93,90,95,62,0,62,63,63,Journalism
99,96,90,68,60,0,65,77,Journalism
93,92,97,74,70,69,78,0,Journalism
95,98,95,73,64,0,72,78,Journalism
91,90,91,71,61,78,64,0,Journalism
98,91,95,65,0,77,63,80,Journalism
100,94,98,69,75,79,79,0,Journalism
100,89,91,0,74,77,68,64,Journalism
99,95,97,71,69,80,70,0,Journalism
96,94,94,0,71,61,65,62,Journalism
96,90,91,79,0,65,72,75,Journalism
95,91,99,0,72,74,71,72,Journalism
91,98,96,65,0,70,80,78,Journalism
99,93,97,62,77,61,68,0,Journalism
99,90,90,0,62,75,78,60,Journalism
99,99,94,71,62,73,80,0,Journalism
90,94,93,76,75,0,70,73,Journalism
95,96,95,70,74,71,69,0,Journalism
100,91,94,75,70,66,77,0,Journalism
96,90,91,67,0,69,80,60,Journalism
99,90,92,73,73,70,0,62,Journalism
96,98,95,77,77,0,67,61,Journalism
97,97,99,0,67,62,64,68,Journalism
97,96,98,71,0,62,78,71,Journalism
92,100,98,60,75,0,68,68,Journalism
100,94,93,0,78,69,71,70,Journalism
99,97,95,64,0,67,75,61,Journalism
99,100,100,66,76,80,70,0,Journalism
100,100,95,0,63,79,75,64,Journalism
100,90,89,65,72,66,0,60,Journalism
97,93,90,76,79,72,62,0,Journalism
100,91,92,68,68,0,67,64,Journalism
99,91,97,63,79,0,66,73,Journalism
97,94,98,0,69,78,76,66,Journalism
93,98,98,76,0,68,64,74,Journalism
95,97,95,62,75,0,65,63,Journalism
97,93,98,0,79,67,67,68,Journalism
95,98,90,71,77,63,79,0,Journalism
94,95,99,80,0,80,67,65,Journalism
97,100,100,0,65,65,67,70,Journalism
95,94,96,79,0,64,65,66,Journalism
96,93,93,63,67,0,69,67,Journalism
98,98,91,62,69,61,0,75,Journalism
100,96,91,0,67,67,69,74,Journalism
97,96,93,72,63,61,67,0,Journalism
93,95,91,60,74,0,71,74,Journalism
98,93,92,65,80,70,0,80,Journalism
90,100,97,0,74,71,78,64,Journalism
96,89,89,64,66,0,68,69,Journalism
93,92,100,69,62,72,0,78,Journalism
98,99,97,0,73,78,79,79,Journalism
93,89,96,74,71,75,0,61,Journalism
97,95,97,69,66,63,66,0,Journalism
98,98,93,62,66,65,60,0,Journalism
90,95,95,77,70,68,79,0,Journalism
94,93,98,64,0,72,64,79,Journalism
91,98,89,67,66,64,61,0,Journalism
91,91,96,72,76,0,72,64,Journalism
92,92,99,74,68,77,0,70,Journalism
91,90,99,0,63,72,68,72,Journalism
94,89,96,77,60,79,0,73,Journalism
96,99,100,0,61,63,79,79,Journalism
91,97,97,66,79,68,0,77,Journalism
90,100,91,0,60,66,78,76,Journalism
99,92,93,66,0,77,67,75,Journalism
95,99,100,64,60,0,64,60,Journalism
96,92,94,73,72,62,80,0,Journalism
92,90,91,0,62,68,80,73,Journalism
96,94,99,77,0,63,64,76,Journalism
100,97,94,77,62,0,61,71,Journalism
90,93,93,61,61,80,0,69,Journalism
93,100,97,0,62,73,62,79,Journalism
91,95,94,77,76,0,69,71,Journalism
95,97,100,67,74,75,69,0,Journalism
93,99,96,66,66,67,0,80,Journalism
92,96,89,0,62,75,64,71,Journalism
91,94,98,70,0,79,65,78,Journalism
90,97,98,71,63,68,0,80,Journalism
94,92,99,61,65,76,60,0,Journalism
90,95,95,62,76,0,61,69,Journalism
92,99,96,64,0,79,61,71,Journalism
90,100,95,73,0,64,68,80,Journalism
92,91,98,0,77,61,80,74,Journalism
99,93,99,70,61,72,0,68,Journalism
90,94,90,0,64,69,74,68,Journalism
98,96,91,60,0,66,66,75,Journalism
92,92,98,70,0,67,63,69,Journalism
94,95,89,0,73,74,63,76,Journalism
98,93,99,66,63,78,61,0,Journalism
100,91,90,72,74,72,66,0,Journalism
93,95,97,68,61,69,0,70,Journalism
95,89,100,67,65,63,65,0,Journalism
97,100,96,61,68,76,0,74,Journalism
90,95,89,75,0,78,67,78,Journalism
96,98,100,0,67,66,78,80,Journalism
99,92,89,66,65,80,0,73,Journalism
92,90,91,63,77,78,60,0,Journalism
92,97,91,71,60,74,79,0,Journalism
96,98,93,60,64,79,68,0,Journalism
97,97,89,67,61,74,0,77,Journalism
96,98,89,71,80,79,0,66,Journalism
94,97,89,0,62,71,63,73,Journalism
98,96,89,70,66,67,0,65,Journalism
92,92,91,80,0,61,61,77,Journalism
90,93,91,75,0,69,71,77,Journalism
96,98,93,0,75,60,64,69,Journalism
99,100,92,78,62,70,79,0,Journalism
97,100,91,60,70,72,0,72,Journalism
91,96,95,0,60,63,75,69,Journalism
95,94,94,68,70,72,64,0,Journalism
93,89,95,74,80,0,68,60,Journalism
98,94,96,71,0,64,63,73,Journalism
99,97,96,73,67,79,73,0,Journalism
98,93,92,0,80,66,77,79,Journalism
90,99,98,0,72,68,60,68,Journalism
99,90,91,80,0,73,64,63,Journalism
96,100,99,68,79,72,0,64,Journalism
94,93,98,74,65,70,0,62,Journalism
97,97,94,69,0,64,75,76,Journalism
94,95,99,65,75,77,76,0,Journalism
97,99,91,66,72,76,0,61,Journalism
97,98,98,66,0,65,65,73,Journalism
93,96,100,74,0,60,74,61,Journalism
98,98,92,76,61,73,69,0,Journalism
95,93,94,0,60,79,80,64,Journalism
100,99,90,60,76,80,0,62,Journalism
90,93,94,77,67,66,0,70,Journalism
94,93,97,78,77,0,74,74,Journalism
96,97,99,77,61,61,0,68,Journalism
93,92,100,64,71,67,0,79,Journalism
91,100,100,67,64,63,67,0,Journalism
94,96,89,75,68,0,78,76,Journalism
90,100,100,71,0,77,66,79,Journalism
99,92,98,66,64,0,65,61,Journalism
90,93,97,60,79,64,0,66,Journalism
91,95,99,64,61,70,0,61,Journalism
100,91,91,74,60,0,79,79,Journalism
96,90,100,68,61,75,0,80,Journalism
94,99,100,0,71,70,66,69,Journalism
98,95,91,72,78,60,65,0,Journalism
90,100,94,0,69,77,77,79,Journalism
99,91,94,0,62,62,77,60,Journalism
100,92,91,70,67,80,0,73,Journalism
90,96,90,0,73,70,60,70,Journalism
99,96,91,68,73,0,74,71,Journalism
90,91,93,75,73,78,75,0,Journalism
97,90,89,77,80,60,62,0,Journalism
95,90,94,77,79,72,71,0,Journalism
90,97,92,74,74,60,0,75,Journalism
96,98,90,80,70,61,70,0,Journalism
93,96,95,0,73,76,60,74,Journalism
93,91,96,61,0,74,75,75,Journalism
91,94,98,0,70,76,71,79,Journalism
96,94,93,74,0,68,75,61,Journalism
93,100,95,0,64,65,76,66,Journalism
99,99,99,79,0,64,76,70,Journalism
94,91,91,69,65,63,0,63,Journalism
98,96,91,69,76,80,68,0,Journalism
99,90,94,80,65,0,76,67,Journalism
94,93,97,0,68,73,78,75,Journalism
95,90,90,0,68,73,75,73,Journalism
92,98,98,77,68,68,0,69,Journalism
92,95,98,68,79,67,62,0,Journalism
90,98,89,68,79,66,0,60,Journalism
94,100,90,0,71,74,64,70,Journalism
97,90,99,78,75,72,65,0,Journalism
97,92,97,0,69,80,77,65,Journalism
93,94,95,70,63,80,73,0,Journalism
90,99,92,0,80,79,65,61,Journalism
90,99,98,64,67,66,77,0,Journalism
97,100,95,69,63,0,67,67,Journalism
96,95,96,68,80,66,0,60,Journalism
90,98,95,68,0,67,75,62,Journalism
95,96,99,62,77,77,0,77,Journalism
94,99,89,73,79,73,66,0,Journalism
93,93,92,64,0,72,64,63,Journalism
92,96,100,0,60,67,73,76,Journalism
99,98,100,0,68,60,67,61,Journalism
95,89,96,78,69,76,76,0,Journalism
94,97,91,60,78,75,0,64,Journalism
96,99,90,77,67,0,77,74,Journalism
94,89,99,62,0,70,70,67,Journalism
98,93,90,74,62,66,73,0,Journalism
93,97,91,67,78,0,73,73,Journalism
99,100,96,61,70,0,62,63,Journalism
99,97,95,73,72,73,0,78,Journalism
91,93,90,65,0,65,66,79,Journalism
94,90,97,0,64,78,67,63,Journalism
96,99,92,0,80,66,71,80,Journalism
98,100,93,62,71,79,0,74,Journalism
94,89,90,63,0,78,77,61,Journalism
99,91,94,64,72,62,61,0,Journalism
93,91,96,79,0,70,80,70,Journalism
100,93,90,77,0,79,67,75,Journalism
91,100,99,62,69,0,80,65,Journalism
98,98,100,62,71,70,0,77,Journalism
91,95,92,80,65,0,60,62,Journalism
99,94,98,68,0,70,63,80,Journalism
90,97,93,0,69,72,79,62,Journalism
92,98,93,68,0,68,76,78,Journalism
92,98,98,64,64,79,0,72,Journalism
90,100,93,61,0,65,67,79,Journalism
91,89,92,70,72,0,64,77,Journalism
100,98,93,0,66,77,79,64,Journalism
97,94,97,66,65,67,0,72,Journalism
97,99,100,76,65,0,77,65,Journalism
93,96,99,67,76,73,73,0,Journalism
93,99,99,69,71,0,65,64,Journalism
91,100,99,63,64,60,0,60,Journalism
93,100,97,0,61,79,74,70,Journalism
92,100,96,74,0,69,65,69,Journalism
100,92,100,77,70,75,0,77,Journalism
97,94,95,61,0,75,66,79,Journalism
92,95,91,72,68,68,78,0,Journalism
94,99,92,60,71,74,0,78,Journalism
92,98,90,0,66,77,63,70,Journalism
92,97,97,60,0,64,74,75,Journalism
90,90,98,73,0,70,76,79,Journalism
95,99,91,68,70,66,79,0,Journalism
98,94,90,70,0,73,70,64,Journalism
97,98,97,73,0,63,68,72,Journalism
92,98,98,75,73,67,64,0,Journalism
100,89,91,73,74,74,0,65,Journalism
90,91,93,0,76,72,65,80,Journalism
90,98,91,0,77,74,70,74,Journalism
94,97,95,73,74,60,74,0,Journalism
99,95,97,0,68,77,72,75,Journalism
91,63,82,80,0,74,71,74,Digital Marketing
92,69,92,60,69,74,79,0,Digital Marketing
90,78,82,74,71,71,0,74,Digital Marketing
93,69,97,72,0,61,73,69,Digital Marketing
90,68,88,72,69,0,66,78,Digital Marketing
95,60,98,66,70,80,74,0,Digital Marketing
94,76,100,75,63,0,76,60,Digital Marketing
93,61,100,79,67,72,0,69,Digital Marketing
94,65,89,0,63,74,60,72,Digital Marketing
90,72,94,64,0,77,73,64,Digital Marketing
92,74,88,71,60,0,72,79,Digital Marketing
95,62,85,0,62,79,64,73,Digital Marketing
92,64,85,64,0,67,77,80,Digital Marketing
93,79,83,62,75,0,61,68,Digital Marketing
91,62,97,0,72,77,69,62,Digital Marketing
91,60,86,76,65,0,72,74,Digital Marketing
93,65,85,76,60,77,0,80,Digital Marketing
95,60,95,70,0,71,63,74,Digital Marketing
95,70,92,0,78,80,77,68,Digital Marketing
91,68,86,0,76,64,71,62,Digital Marketing
94,76,94,76,61,62,0,74,Digital Marketing
95,77,88,69,72,79,68,0,Digital Marketing
95,70,98,67,72,70,72,0,Digital Marketing
90,60,82,69,78,0,78,64,Digital Marketing
90,70,100,64,0,78,67,60,Digital Marketing
90,70,92,80,72,63,77,0,Digital Marketing
94,62,92,71,64,0,78,60,Digital Marketing
94,70,85,69,61,79,0,80,Digital Marketing
93,60,98,67,71,60,75,0,Digital Marketing
91,66,85,80,78,0,79,75,Digital Marketing
93,73,95,0,69,70,72,63,Digital Marketing
95,71,82,0,75,60,60,68,Digital Marketing
95,60,88,0,62,78,61,78,Digital Marketing
93,65,95,79,0,68,80,75,Digital Marketing
94,75,86,72,63,64,67,0,Digital Marketing
92,61,89,0,62,70,75,76,Digital Marketing
95,75,93,64,80,71,63,0,Digital Marketing
93,67,93,73,75,61,79,0,Digital Marketing
95,63,84,72,0,70,62,68,Digital Marketing
92,75,82,60,70,61,0,76,Digital Marketing
95,76,84,69,72,0,80,79,Digital Marketing
95,68,87,62,70,60,0,64,Digital Marketing
90,63,97,65,77,0,65,74,Digital Marketing
90,75,81,75,0,60,62,71,Digital Marketing
93,71,88,77,0,78,69,64,Digital Marketing
90,70,98,64,70,67,63,0,Digital Marketing
92,62,84,74,68,62,61,0,Digital Marketing
94,61,94,73,0,61,70,61,Digital Marketing
93,68,98,0,66,67,64,72,Digital Marketing
90,80,89,75,0,76,60,79,Digital Marketing
90,60,91,78,64,69,77,0,Digital Marketing
94,65,90,67,67,63,0,65,Digital Marketing
92,78,96,69,63,61,72,0,Digital Marketing
94,67,83,0,62,72,72,78,Digital Marketing
94,60,88,60,0,70,69,62,Digital Marketing
94,79,83,74,0,64,75,60,Digital Marketing
95,64,89,0,77,67,65,60,Digital Marketing
93,63,97,73,66,75,76,0,Digital Marketing
91,77,85,67,67,61,66,0,Digital Marketing
91,65,99,66,63,0,63,76,Digital Marketing
91,74,87,77,76,63,0,63,Digital Marketing
94,74,97,75,78,78,0,67,Digital Marketing
92,65,100,65,67,62,0,62,Digital Marketing
94,64,82,80,0,68,75,79,Digital Marketing
90,79,92,0,63,69,79,66,Digital Marketing
93,61,82,62,71,73,0,69,Digital Marketing
94,73,81,60,0,64,67,80,Digital Marketing
95,68,95,68,66,0,71,78,Digital Marketing
94,72,97,63,76,80,60,0,Digital Marketing
91,80,81,80,65,0,72,70,Digital Marketing
90,62,100,0,77,69,66,78,Digital Marketing
91,79,92,79,0,63,76,65,Digital Marketing
95,61,100,61,69,77,0,63,Digital Marketing
93,63,82,70,61,0,71,62,Digital Marketing
92,78,82,0,70,62,68,77,Digital Marketing
95,80,96,68,66,61,66,0,Digital Marketing
92,76,93,0,64,64,73,61,Digital Marketing
93,78,87,64,79,0,74,75,Digital Marketing
90,65,95,70,64,63,67,0,Digital Marketing
92,74,93,76,65,67,0,72,Digital Marketing
90,80,89,66,78,0,64,74,Digital Marketing
90,66,83,69,66,74,0,61,Digital Marketing
95,71,99,74,0,78,61,72,Digital Marketing
94,70,93,72,75,0,61,74,Digital Marketing
90,74,89,74,0,75,75,61,Digital Marketing
93,80,81,63,0,77,60,76,Digital Marketing
93,73,98,62,0,62,72,60,Digital Marketing
92,66,92,76,66,0,80,66,Digital Marketing
92,77,90,72,0,63,63,69,Digital Marketing
94,79,92,75,67,79,0,60,Digital Marketing
90,70,87,69,73,66,0,68,Digital Marketing
95,78,97,75,71,0,74,64,Digital Marketing
91,66,92,0,66,62,66,72,Digital Marketing
90,65,93,62,64,62,0,75,Digital Marketing
92,76,99,66,79,0,79,70,Digital Marketing
93,66,95,60,0,71,74,64,Digital Marketing
91,70,85,70,0,61,66,73,Digital Marketing
90,76,89,77,69,62,63,0,Digital Marketing
95,63,97,74,74,0,60,75,Digital Marketing
90,72,83,69,71,76,70,0,Digital Marketing
90,79,96,70,77,0,75,63,Digital Marketing
95,60,88,78,61,76,78,0,Digital Marketing
93,71,98,65,0,70,64,70,Digital Marketing
94,61,89,60,65,0,66,65,Digital Marketing
94,64,97,74,78,0,64,78,Digital Marketing
93,63,92,78,78,0,63,74,Digital Marketing
94,80,94,80,0,67,65,67,Digital Marketing
91,68,83,70,69,72,0,64,Digital Marketing
92,67,89,64,72,65,0,68,Digital Marketing
92,70,84,60,80,65,76,0,Digital Marketing
94,62,86,80,77,70,0,77,Digital Marketing
91,74,85,73,0,72,61,68,Digital Marketing
92,77,94,72,79,75,80,0,Digital Marketing
94,72,92,0,61,79,60,74,Digital Marketing
91,69,97,73,62,76,0,80,Digital Marketing
95,79,95,68,65,68,0,68,Digital Marketing
95,71,87,78,68,72,0,61,Digital Marketing
94,62,90,75,63,0,63,76,Digital Marketing
90,79,97,0,70,78,68,74,Digital Marketing
92,64,92,64,0,65,66,63,Digital Marketing
94,63,90,0,72,62,77,70,Digital Marketing
94,78,91,63,80,73,65,0,Digital Marketing
92,69,97,0,62,72,75,63,Digital Marketing
90,69,91,66,0,62,61,79,Digital Marketing
92,70,94,69,72,0,72,66,Digital Marketing
92,75,87,0,64,69,67,79,Digital Marketing
93,61,88,0,70,62,77,66,Digital Marketing
93,72,82,70,77,0,77,73,Digital Marketing
94,67,82,63,78,0,73,71,Digital Marketing
91,65,87,0,65,71,69,61,Digital Marketing
94,68,98,77,77,0,72,79,Digital Marketing
91,77,93,69,72,70,0,78,Digital Marketing
91,80,83,0,70,60,75,76,Digital Marketing
91,61,97,69,74,69,0,79,Digital Marketing
93,70,91,79,66,0,71,62,Digital Marketing
93,73,97,63,64,0,71,67,Digital Marketing
91,61,92,61,66,0,71,76,Digital Marketing
95,74,88,79,61,70,72,0,Digital Marketing
95,62,93,0,73,72,69,63,Digital Marketing
91,75,96,63,72,68,69,0,Digital Marketing
94,67,98,79,76,65,0,78,Digital Marketing
90,78,85,60,78,60,0,70,Digital Marketing
90,66,83,62,71,0,64,74,Digital Marketing
90,74,96,67,68,0,72,79,Digital Marketing
93,60,85,71,72,71,0,75,Digital Marketing
94,61,100,74,0,72,72,77,Digital Marketing
90,77,92,69,77,0,79,80,Digital Marketing
93,71,89,76,71,0,73,60,Digital Marketing
95,72,89,0,67,80,78,71,Digital Marketing
95,69,94,65,65,61,0,62,Digital Marketing
93,76,92,0,62,67,72,77,Digital Marketing
95,70,81,65,77,0,73,64,Digital Marketing
94,72,100,62,73,70,72,0,Digital Marketing
94,72,95,60,78,68,61,0,Digital Marketing
92,68,83,80,0,69,60,73,Digital Marketing
90,72,82,79,72,60,0,69,Digital Marketing
91,63,86,69,69,61,78,0,Digital Marketing
92,61,98,0,79,64,80,60,Digital Marketing
93,80,97,62,61,69,0,70,Digital Marketing
95,77,90,60,0,63,72,68,Digital Marketing
93,65,81,60,66,68,0,75,Digital Marketing
92,60,96,79,0,71,77,70,Digital Marketing
93,64,91,69,0,60,70,77,Digital Marketing
92,71,95,66,64,75,0,79,Digital Marketing
91,77,93,80,0,64,77,67,Digital Marketing
90,69,88,73,69,0,62,65,Digital Marketing
94,60,81,76,63,61,0,69,Digital Marketing
92,75,85,62,63,72,61,0,Digital Marketing
90,75,81,74,64,0,77,72,Digital Marketing
91,66,81,0,75,64,75,68,Digital Marketing
91,61,93,79,65,0,68,67,Digital Marketing
94,66,86,0,75,61,73,61,Digital Marketing
93,79,95,66,0,70,77,80,Digital Marketing
91,72,90,66,0,75,80,70,Digital Marketing
93,63,89,71,61,0,74,64,Digital Marketing
92,62,98,80,67,68,0,80,Digital Marketing
95,66,83,70,62,76,72,0,Digital Marketing
91,69,93,69,74,78,0,77,Digital Marketing
91,75,83,78,79,0,75,79,Digital Marketing
92,67,91,66,0,64,72,75,Digital Marketing
94,75,95,63,0,70,76,79,Digital Marketing
93,78,83,0,66,77,66,64,Digital Marketing
92,60,88,75,80,71,0,79,Digital Marketing
95,66,90,69,0,61,76,70,Digital Marketing
92,64,86,63,60,64,78,0,Digital Marketing
90,64,83,63,60,77,77,0,Digital Marketing
95,60,84,78,64,71,73,0,Digital Marketing
95,79,87,79,72,69,65,0,Digital Marketing
90,77,97,73,73,80,0,69,Digital Marketing
92,78,90,73,73,79,0,63,Digital Marketing
92,75,94,68,74,62,0,78,Digital Marketing
91,75,100,60,66,72,78,0,Digital Marketing
92,65,94,74,62,65,0,74,Digital Marketing
94,61,91,62,0,61,62,73,Digital Marketing
92,79,85,62,79,0,67,80,Digital Marketing
91,76,86,67,62,72,0,80,Digital Marketing
91,78,100,0,74,61,65,70,Digital Marketing
94,69,91,60,0,75,72,69,Digital Marketing
92,76,83,73,79,72,66,0,Digital Marketing
90,65,81,80,69,0,71,80,Digital Marketing
95,69,85,62,0,61,71,71,Digital Marketing
90,67,87,0,71,70,65,80,Digital Marketing
90,63,84,65,78,72,62,0,Digital Marketing
92,67,96,70,71,0,65,65,Digital Marketing
92,65,87,63,63,79,0,64,Digital Marketing
90,63,98,77,0,71,67,79,Digital Marketing
95,60,82,71,66,79,69,0,Digital Marketing
93,73,87,0,71,68,66,74,Digital Marketing
92,69,86,0,68,71,67,63,Digital Marketing
90,68,100,63,0,69,76,62,Digital Marketing
92,64,94,0,69,69,67,62,Digital Marketing
91,65,96,71,64,76,0,70,Digital Marketing
90,62,82,0,64,76,68,73,Digital Marketing
94,75,99,79,61,69,0,60,Digital Marketing
91,72,92,75,80,0,64,65,Digital Marketing
93,63,84,0,60,71,79,73,Digital Marketing
95,67,82,68,76,76,76,0,Digital Marketing
93,63,92,80,72,77,68,0,Digital Marketing
93,67,92,79,0,76,66,69,Digital Marketing
90,77,82,76,77,67,0,61,Digital Marketing
93,70,96,0,62,75,77,75,Digital Marketing
91,76,97,0,77,79,71,62,Digital Marketing
93,71,92,73,73,0,78,73,Digital Marketing
94,74,91,62,63,0,78,72,Digital Marketing
93,68,89,0,63,73,65,72,Digital Marketing
93,71,97,74,71,60,72,0,Digital Marketing
94,71,99,0,64,76,67,78,Digital Marketing
92,71,91,63,77,75,75,0,Digital Marketing
93,62,81,64,0,67,80,80,Digital Marketing
91,64,86,79,0,69,63,66,Digital Marketing
95,64,93,0,63,69,67,63,Digital Marketing
91,61,86,80,63,67,66,0,Digital Marketing
90,63,97,0,75,80,66,76,Digital Marketing
92,78,98,76,61,60,0,67,Digital Marketing
90,66,90,62,67,63,0,66,Digital Marketing
91,76,94,65,64,78,64,0,Digital Marketing
94,65,96,63,0,62,67,63,Digital Marketing
95,74,81,0,68,70,78,77,Digital Marketing
90,62,83,71,0,78,76,80,Digital Marketing
91,78,95,77,0,79,66,65,Digital Marketing
95,69,91,70,73,0,72,75,Digital Marketing
93,65,82,0,68,76,79,70,Digital Marketing
94,79,94,76,0,69,77,79,Digital Marketing
93,64,98,78,69,61,0,68,Digital Marketing
93,67,85,63,64,0,79,62,Digital Marketing
90,64,85,67,61,78,0,60,Digital Marketing
94,64,83,66,67,61,77,0,Digital Marketing
95,71,90,76,63,77,0,69,Digital Marketing
94,70,83,78,64,76,64,0,Digital Marketing
93,70,97,73,71,0,75,70,Digital Marketing
95,72,100,0,78,80,61,75,Digital Marketing
90,65,87,68,78,0,62,68,Digital Marketing
93,61,94,78,80,71,75,0,Digital Marketing
91,79,97,63,0,68,69,67,Digital Marketing
91,61,83,0,60,77,64,70,Digital Marketing
91,71,81,62,76,63,0,69,Digital Marketing
91,61,98,0,60,73,64,68,Digital Marketing
91,75,84,67,0,64,69,64,Digital Marketing
91,79,97,0,65,60,80,78,Digital Marketing
94,74,85,72,63,0,72,71,Digital Marketing
90,69,92,75,62,0,71,62,Digital Marketing
90,79,93,75,63,0,75,64,Digital Marketing
94,63,83,73,73,62,72,0,Digital Marketing
95,66,99,68,70,0,65,70,Digital Marketing
93,65,91,75,0,63,80,72,Digital Marketing
95,73,94,70,68,64,0,77,Digital Marketing
92,62,96,68,0,72,69,80,Digital Marketing
95,62,97,70,0,64,63,61,Digital Marketing
90,78,84,70,80,79,0,65,Digital Marketing
94,78,95,78,66,69,70,0,Digital Marketing
95,68,94,77,70,76,0,79,Digital Marketing
92,63,99,72,64,69,73,0,Digital Marketing
92,71,88,0,65,60,75,62,Digital Marketing
91,62,88,68,70,65,69,0,Digital Marketing
92,62,84,0,66,66,72,60,Digital Marketing
90,64,88,61,63,0,80,74,Digital Marketing
90,76,97,79,66,79,61,0,Digital Marketing
90,80,87,0,60,73,61,73,Digital Marketing
94,61,100,69,74,77,73,0,Digital Marketing
90,61,86,62,70,70,67,0,Digital Marketing
92,76,98,80,0,66,75,67,Digital Marketing
93,64,81,79,0,61,63,60,Digital Marketing
92,63,85,0,63,69,63,60,Digital Marketing
94,64,97,72,76,69,0,78,Digital Marketing
92,66,83,0,73,61,67,74,Digital Marketing
94,73,100,64,78,66,0,73,Digital Marketing
92,75,92,72,80,0,77,80,Digital Marketing
92,76,96,79,69,77,0,70,Digital Marketing
91,72,95,0,78,71,72,61,Digital Marketing
90,67,87,64,69,61,74,0,Digital Marketing
94,78,87,76,62,70,0,77,Digital Marketing
93,61,94,74,0,80,64,77,Digital Marketing
90,74,92,69,76,0,77,73,Digital Marketing
95,79,92,64,80,62,75,0,Digital Marketing
94,63,84,72,0,77,65,63,Digital Marketing
90,67,100,76,0,70,63,73,Digital Marketing
95,77,100,73,66,77,69,0,Digital Marketing
90,80,90,0,76,67,72,80,Digital Marketing
91,65,97,74,74,65,0,67,Digital Marketing
91,70,83,74,62,72,0,80,Digital Marketing
85,95,91,0,75,64,61,77,Fashion Arts
86,95,99,0,71,64,77,62,Fashion Arts
89,82,81,71,0,69,60,72,Fashion Arts
83,85,99,0,61,61,66,76,Fashion Arts
88,94,83,64,64,0,68,74,Fashion Arts
89,98,84,0,66,80,64,64,Fashion Arts
80,99,91,75,77,60,0,78,Fashion Arts
84,81,98,61,0,63,74,70,Fashion Arts
83,100,84,0,70,61,76,69,Fashion Arts
81,84,94,70,76,61,60,0,Fashion Arts
85,95,90,69,0,75,79,74,Fashion Arts
90,98,99,80,80,67,0,62,Fashion Arts
87,95,93,61,61,0,78,71,Fashion Arts
82,92,86,60,72,65,0,66,Fashion Arts
90,97,84,78,77,80,0,78,Fashion Arts
84,81,84,64,71,0,79,64,Fashion Arts
85,86,81,76,65,62,0,62,Fashion Arts
87,97,95,0,67,72,70,65,Fashion Arts
89,93,81,61,0,70,64,78,Fashion Arts
83,86,98,66,68,67,66,0,Fashion Arts
86,95,90,80,76,67,76,0,Fashion Arts
83,94,91,60,73,63,0,75,Fashion Arts
90,91,83,0,72,76,65,73,Fashion Arts
88,96,96,72,65,0,62,67,Fashion Arts
90,81,91,72,0,63,64,73,Fashion Arts
85,98,92,72,67,78,0,74,Fashion Arts
80,97,89,75,62,70,63,0,Fashion Arts
82,83,96,68,71,80,0,62,Fashion Arts
90,81,92,70,62,0,61,67,Fashion Arts
84,92,99,70,76,69,0,68,Fashion Arts
89,97,90,76,70,62,74,0,Fashion Arts
80,82,92,64,65,75,72,0,Fashion Arts
89,90,88,79,62,75,68,0,Fashion Arts
88,84,98,69,73,0,76,74,Fashion Arts
80,91,83,0,60,71,71,73,Fashion Arts
80,88,84,0,68,71,64,72,Fashion Arts
88,100,87,80,78,0,77,71,Fashion Arts
80,98,89,62,69,80,64,0,Fashion Arts
89,82,85,76,71,0,61,62,Fashion Arts
86,95,85,0,79,75,72,72,Fashion Arts
86,93,92,0,70,78,80,79,Fashion Arts
84,87,94,77,66,78,0,72,Fashion Arts
89,88,84,63,74,72,0,65,Fashion Arts
87,91,83,78,68,77,0,71,Fashion Arts
80,93,89,78,70,0,80,60,Fashion Arts
85,100,89,62,69,0,69,70,Fashion Arts
85,89,86,0,79,66,65,67,Fashion Arts
80,92,96,0,78,73,76,71,Fashion Arts
83,87,90,72,77,67,79,0,Fashion Arts
90,87,92,80,0,73,62,74,Fashion Arts
80,93,98,75,63,0,69,68,Fashion Arts
82,91,96,72,71,0,60,60,Fashion Arts
80,88,87,0,77,63,66,71,Fashion Arts
86,81,99,0,80,78,73,80,Fashion Arts
88,96,90,66,0,68,76,69,Fashion Arts
88,82,81,67,0,66,73,62,Fashion Arts
87,90,86,77,65,69,0,76,Fashion Arts
87,98,99,0,62,76,79,76,Fashion Arts
83,95,88,62,60,65,0,65,Fashion Arts
83,94,83,70,77,69,73,0,Fashion Arts
81,83,96,74,66,63,0,68,Fashion Arts
84,92,92,62,60,65,74,0,Fashion Arts
84,83,98,61,78,60,80,0,Fashion Arts
82,87,89,0,72,75,65,65,Fashion Arts
86,85,90,68,70,80,61,0,Fashion Arts
81,87,96,69,70,78,0,72,Fashion Arts
90,90,100,0,64,74,64,67,Fashion Arts
81,95,84,79,67,0,77,65,Fashion Arts
86,97,82,79,0,68,69,65,Fashion Arts
81,82,92,62,0,80,71,80,Fashion Arts
83,86,85,73,68,77,0,73,Fashion Arts
80,93,91,69,74,78,62,0,Fashion Arts
81,81,94,80,61,73,61,0,Fashion Arts
82,82,86,65,63,69,67,0,Fashion Arts
83,100,96,77,61,76,75,0,Fashion Arts
84,90,81,73,70,65,74,0,Fashion Arts
89,96,86,70,0,67,72,76,Fashion Arts
81,98,93,74,0,66,63,61,Fashion Arts
86,88,88,63,80,75,76,0,Fashion Arts
82,82,85,0,77,70,75,70,Fashion Arts
84,89,86,0,69,74,63,77,Fashion Arts
86,90,98,0,71,70,80,72,Fashion Arts
84,91,82,0,75,80,80,76,Fashion Arts
80,86,86,70,68,0,73,77,Fashion Arts
87,82,85,68,78,70,0,73,Fashion Arts
85,92,100,61,63,0,73,71,Fashion Arts
85,93,87,69,75,61,61,0,Fashion Arts
86,93,99,72,70,69,0,60,Fashion Arts
85,92,96,0,79,77,60,79,Fashion Arts
88,82,96,69,71,65,61,0,Fashion Arts
86,95,96,80,65,0,67,80,Fashion Arts
90,100,96,0,76,78,64,63,Fashion Arts
88,95,88,62,76,79,0,73,Fashion Arts
80,93,84,78,0,67,63,78,Fashion Arts
86,94,92,76,73,0,74,63,Fashion Arts
89,91,92,72,66,60,72,0,Fashion Arts
80,93,89,62,73,65,66,0,Fashion Arts
84,88,99,71,0,80,66,72,Fashion Arts
82,88,81,72,72,0,72,73,Fashion Arts
81,96,82,73,62,72,0,60,Fashion Arts
87,87,97,0,80,79,72,80,Fashion Arts
86,84,96,62,60,70,76,0,Fashion Arts
86,83,100,63,61,79,64,0,Fashion Arts
86,86,93,67,80,0,80,64,Fashion Arts
80,81,96,77,70,69,67,0,Fashion Arts
89,95,92,71,0,78,65,77,Fashion Arts
84,98,95,68,0,80,76,69,Fashion Arts
88,87,90,72,0,78,62,68,Fashion Arts
87,97,96,0,63,67,74,68,Fashion Arts
80,98,90,64,66,74,0,63,Fashion Arts
86,81,100,71,76,75,68,0,Fashion Arts
80,92,92,0,71,69,79,72,Fashion Arts
82,89,93,60,77,73,0,80,Fashion Arts
88,92,83,80,77,0,76,77,Fashion Arts
87,90,93,69,0,66,62,65,Fashion Arts
88,88,94,62,0,79,61,69,Fashion Arts
81,89,81,77,0,72,67,66,Fashion Arts
88,95,81,60,69,70,69,0,Fashion Arts
84,90,100,0,79,70,76,79,Fashion Arts
82,90,81,69,69,70,63,0,Fashion Arts
90,95,98,60,0,62,72,62,Fashion Arts
84,100,83,71,0,80,60,76,Fashion Arts
82,93,84,63,66,0,73,73,Fashion Arts
82,93,92,76,0,63,66,64,Fashion Arts
81,93,91,62,0,66,74,76,Fashion Arts
80,92,93,65,70,71,0,80,Fashion Arts
84,89,90,71,0,77,79,65,Fashion Arts
88,88,86,72,70,0,67,68,Fashion Arts
87,87,96,0,76,63,75,63,Fashion Arts
80,96,89,67,78,76,71,0,Fashion Arts
84,84,82,0,64,77,78,79,Fashion Arts
89,88,90,77,68,73,0,61,Fashion Arts
83,92,96,68,65,0,75,72,Fashion Arts
80,83,92,70,60,64,68,0,Fashion Arts
83,88,84,66,0,63,73,77,Fashion Arts
82,86,94,62,78,0,71,63,Fashion Arts
82,92,91,0,78,77,67,72,Fashion Arts
89,88,89,76,69,60,73,0,Fashion Arts
83,95,81,80,73,73,0,77,Fashion Arts
90,90,90,73,80,79,60,0,Fashion Arts
86,86,93,79,63,0,80,72,Fashion Arts
88,83,90,64,67,0,79,70,Fashion Arts
81,96,91,72,0,67,67,64,Fashion Arts
82,83,94,72,74,62,0,78,Fashion Arts
83,94,100,77,72,71,0,79,Fashion Arts
89,81,83,76,0,68,78,65,Fashion Arts
86,99,86,66,77,69,78,0,Fashion Arts
80,92,95,69,74,0,77,60,Fashion Arts
83,84,86,72,73,76,0,71,Fashion Arts
84,96,100,61,0,74,60,69,Fashion Arts
87,87,87,79,0,68,75,61,Fashion Arts
86,95,90,0,60,73,72,69,Fashion Arts
82,98,98,64,69,74,76,0,Fashion Arts
85,86,91,61,76,74,77,0,Fashion Arts
88,90,90,68,60,0,79,77,Fashion Arts
88,87,99,0,73,74,80,71,Fashion Arts
83,100,89,71,0,72,69,64,Fashion Arts
89,82,94,0,66,79,73,74,Fashion Arts
82,86,85,79,72,0,79,67,Fashion Arts
84,98,89,72,73,64,0,67,Fashion Arts
84,86,83,74,0,64,67,64,Fashion Arts
84,84,83,61,76,0,71,61,Fashion Arts
82,90,81,0,75,74,80,74,Fashion Arts
84,96,96,0,75,79,80,79,Fashion Arts
82,92,91,64,67,0,62,79,Fashion Arts
86,81,94,62,72,77,80,0,Fashion Arts
90,81,95,0,79,68,74,67,Fashion Arts
90,98,92,69,0,60,73,70,Fashion Arts
86,92,95,0,75,73,61,76,Fashion Arts
81,82,82,0,78,60,73,61,Fashion Arts
83,89,92,63,0,70,76,64,Fashion Arts
90,81,87,0,69,79,66,60,Fashion Arts
81,99,95,75,0,61,73,75,Fashion Arts
85,85,83,78,60,80,0,74,Fashion Arts
81,93,90,63,78,62,0,78,Fashion Arts
88,93,98,66,80,0,63,66,Fashion Arts
84,88,99,70,68,76,0,71,Fashion Arts
88,81,92,63,75,73,69,0,Fashion Arts
86,90,100,73,66,65,0,61,Fashion Arts
80,94,97,69,78,73,0,72,Fashion Arts
82,98,89,69,72,75,0,66,Fashion Arts
86,94,81,61,61,73,60,0,Fashion Arts
87,84,91,0,66,65,60,77,Fashion Arts
90,100,86,60,73,0,70,66,Fashion Arts
84,95,83,65,71,0,71,75,Fashion Arts
89,90,97,80,78,76,0,75,Fashion Arts
85,82,90,67,0,64,63,72,Fashion Arts
84,93,82,0,73,68,76,68,Fashion Arts
82,82,95,70,80,80,61,0,Fashion Arts
81,89,100,66,64,0,66,69,Fashion Arts
81,93,92,64,63,0,70,74,Fashion Arts
85,89,87,64,71,79,0,61,Fashion Arts
86,96,90,64,0,75,62,62,Fashion Arts
81,86,93,60,74,79,0,66,Fashion Arts
89,83,92,72,0,60,70,62,Fashion Arts
85,98,83,76,70,63,0,73,Fashion Arts
82,89,92,75,68,70,62,0,Fashion Arts
84,87,94,65,0,75,78,66,Fashion Arts
85,82,83,77,64,74,71,0,Fashion Arts
90,94,85,70,0,61,63,68,Fashion Arts
84,87,84,0,62,65,68,71,Fashion Arts
88,85,92,65,63,78,68,0,Fashion Arts
81,89,89,66,61,0,62,79,Fashion Arts
90,82,98,80,73,66,80,0,Fashion Arts
90,97,85,63,0,63,68,74,Fashion Arts
80,88,95,0,63,62,74,71,Fashion Arts
90,99,90,0,76,63,74,61,Fashion Arts
85,85,83,65,78,68,76,0,Fashion Arts
87,86,88,65,76,62,65,0,Fashion Arts
87,91,97,64,0,75,64,74,Fashion Arts
90,88,85,0,74,62,73,67,Fashion Arts
80,87,81,72,76,61,0,60,Fashion Arts
85,85,97,77,64,73,74,0,Fashion Arts
84,97,98,0,62,78,74,60,Fashion Arts
84,90,81,69,0,79,80,69,Fashion Arts
88,94,92,69,61,0,73,63,Fashion Arts
82,98,82,71,76,60,60,0,Fashion Arts
87,94,93,78,68,70,64,0,Fashion Arts
80,96,85,0,64,77,60,79,Fashion Arts
86,90,81,76,76,62,73,0,Fashion Arts
86,87,84,69,64,68,0,78,Fashion Arts
84,87,81,67,62,0,79,64,Fashion Arts
88,98,83,0,63,67,80,69,Fashion Arts
87,89,98,72,76,0,72,70,Fashion Arts
88,92,97,67,77,0,67,60,Fashion Arts
81,85,94,64,61,0,63,67,Fashion Arts
86,83,82,67,64,71,74,0,Fashion Arts
90,84,99,73,0,62,69,68,Fashion Arts
90,87,88,65,74,70,0,60,Fashion Arts
80,96,81,0,68,75,78,63,Fashion Arts
90,98,84,73,63,0,65,79,Fashion Arts
87,88,94,62,60,0,77,64,Fashion Arts
86,83,100,72,0,74,67,77,Fashion Arts
89,97,88,63,0,63,63,68,Fashion Arts
81,99,82,79,64,60,71,0,Fashion Arts
80,83,96,76,0,75,66,67,Fashion Arts
80,87,94,70,0,72,68,72,Fashion Arts
80,94,87,66,77,60,0,64,Fashion Arts
87,81,87,0,72,70,68,70,Fashion Arts
86,90,97,0,74,79,79,66,Fashion Arts
90,82,92,77,0,71,63,68,Fashion Arts
88,98,85,0,76,65,60,67,Fashion Arts
86,100,81,72,72,75,0,61,Fashion Arts
85,87,94,73,78,69,63,0,Fashion Arts
90,82,91,69,64,65,0,64,Fashion Arts
84,91,95,0,61,77,71,65,Fashion Arts
90,81,81,67,64,76,75,0,Fashion Arts
80,96,100,61,0,64,69,74,Fashion Arts
80,94,90,62,0,80,78,74,Fashion Arts
81,88,81,75,63,61,0,75,Fashion Arts
86,97,98,78,0,60,64,79,Fashion Arts
88,93,95,65,0,78,79,64,Fashion Arts
85,90,99,0,73,78,62,68,Fashion Arts
80,94,94,79,75,60,0,71,Fashion Arts
89,84,89,70,67,0,69,71,Fashion Arts
82,98,97,0,63,65,66,70,Fashion Arts
89,83,86,67,0,79,80,67,Fashion Arts
80,91,94,77,0,67,68,78,Fashion Arts
82,100,92,80,0,60,60,71,Fashion Arts
90,88,82,74,78,74,0,71,Fashion Arts
89,92,90,80,67,62,0,79,Fashion Arts
90,94,94,69,63,75,69,0,Fashion Arts
83,83,84,60,67,0,60,68,Fashion Arts
86,87,88,71,0,78,76,68,Fashion Arts
80,91,81,65,71,66,64,0,Fashion Arts
90,87,100,80,80,65,0,78,Fashion Arts
82,99,81,62,63,63,0,69,Fashion Arts
84,88,92,0,75,79,67,68,Fashion Arts
90,91,96,76,80,69,80,0,Fashion Arts
88,97,89,76,69,79,0,67,Fashion Arts
86,87,84,61,65,0,65,68,Fashion Arts
88,86,85,75,80,70,0,63,Fashion Arts
88,98,84,76,63,65,72,0,Fashion Arts
86,99,100,78,70,79,0,67,Fashion Arts
88,92,92,75,70,75,0,77,Fashion Arts
87,97,90,66,75,0,69,66,Fashion Arts
84,95,97,77,68,68,64,0,Fashion Arts
81,88,98,65,66,77,61,0,Fashion Arts
90,96,82,76,0,80,70,79,Fashion Arts
80,90,89,73,0,64,62,66,Fashion Arts
80,93,86,71,68,64,0,76,Fashion Arts
89,92,87,78,68,0,70,73,Fashion Arts
82,93,85,68,0,68,64,76,Fashion Arts
84,91,85,69,0,76,66,77,Fashion Arts
81,100,83,67,69,0,73,62,Fashion Arts
85,84,94,80,71,78,61,0,Fashion Arts
80,98,94,72,0,70,79,76,Fashion Arts
85,93,91,80,60,0,74,67,Fashion Arts
80,96,89,71,78,0,75,66,Fashion Arts
81,82,96,77,77,72,0,70,Fashion Arts
80,84,98,79,0,78,68,72,Fashion Arts
83,81,100,77,0,66,60,77,Fashion Arts
85,92,88,78,70,69,0,80,Fashion Arts
88,95,91,78,66,68,65,0,Fashion Arts
82,91,95,74,63,0,60,78,Fashion Arts
81,99,81,71,61,77,70,0,Fashion Arts
89,81,95,71,72,73,65,0,Fashion Arts
83,84,98,67,0,77,78,72,Fashion Arts
84,100,86,60,60,61,0,67,Fashion Arts
80,92,100,80,76,0,77,76,Fashion Arts
92,74,65,76,95,91,99,0,Education
81,64,71,73,86,84,93,0,Education
95,71,76,63,96,83,84,0,Education
95,74,69,78,88,91,90,0,Education
88,66,80,75,98,92,96,0,Education
85,80,78,0,87,100,90,78,Education
82,68,69,63,90,87,93,0,Education
80,77,60,0,100,91,96,78,Education
87,63,66,0,85,81,89,64,Education
92,63,72,79,89,92,94,0,Education
89,68,73,0,100,81,97,61,Education
89,71,64,70,89,93,95,0,Education
88,80,75,66,99,83,95,0,Education
87,66,77,0,87,86,95,75,Education
83,60,76,0,97,97,93,72,Education
81,66,71,0,83,82,92,76,Education
89,70,63,0,87,92,86,79,Education
80,71,64,78,83,100,92,0,Education
92,75,79,0,91,87,91,60,Education
95,72,62,0,87,93,91,76,Education
82,67,69,0,86,84,100,67,Education
89,65,64,72,86,95,95,0,Education
95,64,60,60,86,95,99,0,Education
83,74,78,0,89,96,89,76,Education
84,65,61,78,93,92,92,0,Education
92,75,72,0,97,92,93,79,Education
95,67,64,74,95,84,91,0,Education
95,60,65,67,84,94,82,0,Education
85,62,60,64,85,99,96,0,Education
80,65,76,0,85,84,96,60,Education
80,70,77,71,81,93,90,0,Education
95,68,72,0,90,98,81,65,Education
94,78,68,0,90,92,90,70,Education
95,70,71,0,82,82,83,67,Education
94,78,65,0,84,90,99,64,Education
84,64,80,0,92,88,100,77,Education
87,66,80,77,81,94,96,0,Education
91,79,62,0,85,85,82,75,Education
95,66,66,0,83,89,94,68,Education
92,74,71,61,87,96,85,0,Education
89,77,73,69,83,92,96,0,Education
88,67,69,68,83,89,99,0,Education
82,65,77,0,95,87,81,67,Education
85,60,62,67,84,98,95,0,Education
81,68,76,0,90,93,86,61,Education
92,77,74,0,91,92,98,73,Education
93,64,65,69,90,90,81,0,Education
84,73,73,71,82,96,95,0,Education
89,74,78,0,97,94,81,64,Education
93,68,71,0,96,94,94,70,Education
82,64,79,0,83,86,89,76,Education
91,72,69,0,93,81,87,74,Education
80,65,71,72,84,89,98,0,Education
87,60,72,0,94,93,92,70,Education
91,72,63,78,98,85,93,0,Education
87,68,61,69,95,85,90,0,Education
86,64,64,0,96,86,85,64,Education
88,76,66,0,90,81,96,65,Education
86,75,60,0,91,85,84,78,Education
81,60,79,64,86,93,96,0,Education
88,64,68,0,91,99,81,63,Education
91,79,62,0,89,99,82,67,Education
90,76,67,69,85,86,85,0,Education
87,63,60,0,97,81,92,65,Education
82,74,70,66,86,81,82,0,Education
95,80,80,80,98,84,81,0,Education
83,61,70,77,89,97,86,0,Education
94,60,79,0,84,100,87,72,Education
95,71,78,77,84,92,81,0,Education
88,68,68,0,92,94,99,61,Education
80,78,79,0,96,97,83,79,Education
89,67,67,64,100,81,92,0,Education
81,78,64,0,81,81,88,70,Education
94,69,78,0,100,97,81,67,Education
92,79,80,64,98,98,96,0,Education
87,67,61,0,87,84,83,72,Education
86,65,71,75,90,81,88,0,Education
91,77,73,0,91,81,91,75,Education
87,74,69,70,86,100,91,0,Education
86,61,68,78,100,91,83,0,Education
81,70,69,66,81,95,81,0,Education
92,65,67,73,97,100,98,0,Education
88,79,73,61,99,87,83,0,Education
82,61,61,0,97,86,91,80,Education
92,65,75,70,83,100,88,0,Education
93,71,67,0,84,99,90,70,Education
95,64,69,0,93,90,84,80,Education
90,78,71,62,97,93,82,0,Education
92,69,69,0,96,90,89,69,Education
85,66,69,70,96,89,81,0,Education
91,72,69,70,96,99,84,0,Education
87,67,71,75,92,97,88,0,Education
95,75,73,0,81,81,99,67,Education
83,79,65,61,85,91,97,0,Education
86,80,79,79,92,99,88,0,Education
83,65,74,60,81,88,94,0,Education
92,68,79,70,89,88,99,0,Education
89,68,72,63,89,91,89,0,Education
86,75,63,0,99,86,97,69,Education
89,64,69,0,91,98,82,62,Education
90,74,69,0,93,95,92,69,Education
93,66,65,0,100,94,87,60,Education
90,74,72,76,91,93,88,0,Education
88,60,80,62,85,85,87,0,Education
81,68,63,0,90,99,89,61,Education
82,62,75,73,94,85,97,0,Education
87,75,64,0,92,94,97,77,Education
85,68,65,0,100,89,100,64,Education
85,67,72,0,84,87,99,79,Education
84,62,66,64,98,87,100,0,Education
91,63,78,0,87,83,86,68,Education
80,75,62,0,88,85,88,71,Education
80,72,65,68,82,98,91,0,Education
81,72,64,0,95,88,97,69,Education
93,65,71,66,100,93,84,0,Education
85,66,69,67,95,95,88,0,Education
88,79,60,0,90,92,81,72,Education
95,79,60,0,84,92,92,78,Education
85,61,69,80,86,92,85,0,Education
83,60,72,0,82,97,98,61,Education
81,63,70,71,83,82,84,0,Education
83,76,67,0,96,95,90,75,Education
90,79,70,0,94,99,100,80,Education
82,77,69,71,87,95,94,0,Education
87,77,61,0,84,92,83,69,Education
85,77,72,74,81,83,83,0,Education
83,70,70,67,93,87,81,0,Education
82,72,80,70,92,94,85,0,Education
93,77,74,61,92,86,100,0,Education
92,76,78,79,91,88,88,0,Education
92,79,69,77,92,92,87,0,Education
84,78,74,0,83,98,92,73,Education
89,73,80,0,94,100,91,71,Education
94,68,71,0,93,92,97,76,Education
80,60,73,80,97,93,88,0,Education
83,62,66,68,85,98,84,0,Education
93,80,78,0,83,95,96,71,Education
95,63,65,0,88,95,88,80,Education
90,74,73,0,100,82,81,68,Education
81,75,79,73,83,88,92,0,Education
88,61,75,73,96,97,100,0,Education
88,80,78,0,100,82,100,60,Education
88,75,67,0,83,92,97,66,Education
87,69,61,0,91,94,83,61,Education
88,78,80,0,95,93,98,73,Education
85,72,74,71,97,84,84,0,Education
81,79,61,78,81,96,86,0,Education
82,65,75,0,99,81,91,63,Education
90,78,64,0,92,83,85,79,Education
92,79,64,0,97,89,93,62,Education
80,80,68,0,90,92,81,67,Education
95,66,80,78,85,85,91,0,Education
94,64,74,66,91,84,95,0,Education
93,66,79,0,92,94,88,75,Education
85,63,74,0,98,92,93,78,Education
87,78,68,0,85,97,97,72,Education
87,65,72,76,89,82,88,0,Education
86,62,63,0,96,90,91,61,Education
83,74,73,0,99,93,94,66,Education
93,66,70,0,98,92,92,65,Education
89,63,67,0,84,85,81,73,Education
82,78,63,78,88,83,89,0,Education
85,66,80,0,89,100,92,80,Education
90,80,71,78,88,86,93,0,Education
91,78,79,0,91,95,91,78,Education
93,66,61,74,90,95,100,0,Education
82,63,79,0,100,92,83,68,Education
87,75,67,0,92,99,81,62,Education
81,75,78,63,95,90,100,0,Education
86,66,73,73,81,92,94,0,Education
94,76,61,0,96,86,87,61,Education
83,74,64,0,90,88,85,67,Education
89,70,63,0,97,95,93,70,Education
89,71,76,80,90,87,98,0,Education
94,75,73,0,99,89,100,75,Education
89,74,68,0,88,89,88,69,Education
93,60,73,0,95,81,93,79,Education
80,72,74,0,97,94,82,69,Education
90,80,77,78,87,94,88,0,Education
84,68,63,62,89,95,82,0,Education
87,67,69,72,97,88,96,0,Education
83,62,74,0,100,83,82,65,Education
84,71,61,0,91,88,85,73,Education
91,63,79,0,94,96,87,67,Education
83,77,60,0,92,83,95,72,Education
92,74,62,0,84,92,96,75,Education
89,66,60,71,100,89,84,0,Education
94,79,80,0,94,83,99,63,Education
92,79,72,65,93,82,82,0,Education
90,63,79,0,87,99,89,67,Education
86,61,62,63,96,99,81,0,Education
91,74,77,78,87,83,96,0,Education
83,76,68,62,88,97,95,0,Education
88,65,74,80,94,93,84,0,Education
94,67,77,0,88,100,90,77,Education
81,79,75,76,87,98,88,0,Education
88,69,69,0,86,91,81,68,Education
83,67,79,0,98,92,99,62,Education
92,76,71,68,93,85,82,0,Education
93,78,64,0,92,93,90,61,Education
83,61,73,64,85,89,86,0,Education
93,80,67,60,85,81,88,0,Education
91,60,77,0,89,81,99,78,Education
84,74,74,65,95,99,90,0,Education
94,60,60,63,82,96,88,0,Education
86,72,78,72,91,81,86,0,Education
81,67,67,70,84,86,89,0,Education
83,61,65,0,92,91,94,67,Education
94,76,79,0,82,100,100,63,Education
81,80,61,64,90,84,94,0,Education
91,60,62,0,91,91,97,66,Education
92,80,65,60,97,87,100,0,Education
87,60,78,0,96,97,91,71,Education
95,78,69,74,98,85,86,0,Education
93,67,72,0,85,95,85,75,Education
84,60,70,69,83,94,95,0,Education
89,76,71,0,99,83,99,77,Education
86,68,74,0,99,95,83,61,Education
95,78,72,0,82,88,97,60,Education
95,61,73,72,98,94,85,0,Education
85,61,72,64,91,92,86,0,Education
88,62,71,0,85,93,82,64,Education
87,60,79,0,96,81,81,65,Education
84,61,79,0,86,83,90,70,Education
84,74,62,0,91,91,81,78,Education
85,69,80,63,86,87,100,0,Education
81,73,60,63,96,99,89,0,Education
90,66,69,77,85,96,85,0,Education
84,79,77,77,100,87,97,0,Education
89,69,79,0,82,99,95,76,Education
81,80,77,78,86,99,98,0,Education
90,69,60,69,96,95,86,0,Education
94,77,62,0,100,81,98,78,Education
89,65,68,0,82,86,93,75,Education
86,67,70,0,97,94,95,71,Education
82,79,76,0,92,95,86,73,Education
87,63,60,64,93,93,98,0,Education
94,73,71,66,96,93,94,0,Education
80,79,70,63,98,96,99,0,Education
84,76,77,77,100,84,96,0,Education
92,67,76,0,82,94,93,76,Education
87,70,74,0,93,88,93,67,Education
86,69,80,0,89,86,83,68,Education
80,80,65,69,85,94,84,0,Education
95,77,63,0,95,82,94,65,Education
95,71,72,68,96,86,89,0,Education
92,80,74,76,82,81,83,0,Education
95,61,61,72,99,91,85,0,Education
82,62,77,72,81,100,93,0,Education
87,72,63,69,86,91,88,0,Education
84,62,69,74,83,93,95,0,Education
82,69,67,0,92,98,95,80,Education
94,63,65,69,97,92,97,0,Education
85,66,62,79,99,97,84,0,Education
95,72,64,69,99,84,96,0,Education
82,62,77,0,84,85,95,75,Education
81,73,63,0,86,85,93,65,Education
92,68,62,0,91,90,92,66,Education
91,67,77,73,95,89,87,0,Education
86,80,68,0,86,86,82,77,Education
88,72,64,79,89,89,100,0,Education
94,76,76,74,85,95,85,0,Education
81,70,63,0,98,98,86,73,Education
90,70,65,0,100,83,93,79,Education
86,63,79,0,98,95,100,64,Education
86,80,63,0,98,90,92,63,Education
92,72,74,73,84,97,99,0,Education
88,60,73,80,89,86,92,0,Education
85,63,70,73,93,88,83,0,Education
82,66,62,0,96,90,97,70,Education
92,63,78,0,82,99,81,64,Education
89,67,65,76,89,82,89,0,Education
93,60,72,77,89,97,86,0,Education
83,60,66,63,90,81,100,0,Education
86,79,77,73,92,82,84,0,Education
89,80,62,0,87,100,92,71,Education
94,63,74,0,81,84,93,78,Education
92,73,70,65,89,84,84,0,Education
94,79,78,0,86,88,93,63,Education
83,74,79,78,98,92,91,0,Education
80,79,72,0,94,97,100,74,Education
93,61,73,64,85,83,96,0,Education
80,68,77,0,98,90,100,61,Education
88,74,71,78,94,82,86,0,Education
90,74,62,0,99,95,88,73,Education
85,77,75,0,90,97,99,65,Education
93,60,79,67,82,83,89,0,Education
88,75,76,68,98,93,97,0,Education
87,68,70,0,82,96,87,75,Education
95,72,76,80,91,90,84,0,Education
88,68,64,79,96,94,92,0,Education
86,66,79,80,87,83,97,0,Education
94,71,70,0,84,98,83,75,Education
92,68,71,0,98,93,100,79,Education
85,79,72,0,82,88,88,69,Education
90,68,76,79,89,100,86,0,Education
92,61,77,74,98,86,96,0,Education
95,60,75,0,94,81,85,79,Education
81,73,71,65,94,88,84,0,Education
88,63,64,79,99,83,87,0,Education
104,60,75,93,93,0,95,64,Civil Exam
95,76,66,93,97,0,92,73,Civil Exam
101,64,77,94,89,0,100,79,Civil Exam
99,72,73,99,98,0,100,61,Civil Exam
96,63,80,96,97,0,98,72,Civil Exam
98,61,61,93,89,65,94,0,Civil Exam
95,63,75,93,99,79,92,0,Civil Exam
102,62,71,99,99,79,91,0,Civil Exam
102,78,78,93,95,0,91,64,Civil Exam
104,77,66,90,97,74,99,0,Civil Exam
96,62,74,93,99,0,98,60,Civil Exam
95,77,72,91,90,61,100,0,Civil Exam
102,78,67,96,98,71,99,0,Civil Exam
100,69,66,96,93,80,95,0,Civil Exam
96,75,69,90,92,0,96,73,Civil Exam
96,68,70,93,92,0,91,78,Civil Exam
100,69,72,99,91,0,97,68,Civil Exam
99,62,65,93,90,60,94,0,Civil Exam
97,74,75,100,90,0,94,67,Civil Exam
99,70,62,96,99,0,99,76,Civil Exam
103,65,71,99,97,0,94,73,Civil Exam
96,75,65,97,95,0,100,60,Civil Exam
98,80,69,91,94,72,95,0,Civil Exam
105,63,70,98,100,79,90,0,Civil Exam
98,64,76,90,89,67,99,0,Civil Exam
99,71,77,89,100,61,89,0,Civil Exam
100,66,76,100,96,0,95,72,Civil Exam
105,80,61,91,96,77,89,0,Civil Exam
97,64,72,92,94,0,97,73,Civil Exam
97,71,73,94,94,0,93,77,Civil Exam
105,80,67,94,90,0,92,63,Civil Exam
101,60,79,94,94,79,89,0,Civil Exam
103,64,65,98,93,61,90,0,Civil Exam
102,67,75,91,96,68,96,0,Civil Exam
96,65,79,90,90,0,93,61,Civil Exam
100,65,78,92,98,0,91,80,Civil Exam
103,71,70,93,93,69,95,0,Civil Exam
99,66,66,89,90,0,90,80,Civil Exam
99,69,74,97,95,73,93,0,Civil Exam
101,67,62,94,90,63,94,0,Civil Exam
97,64,67,100,89,0,90,77,Civil Exam
103,79,78,92,89,78,100,0,Civil Exam
105,69,73,95,95,0,94,60,Civil Exam
95,71,67,100,100,74,92,0,Civil Exam
98,63,60,91,95,0,98,63,Civil Exam
101,71,65,92,94,60,95,0,Civil Exam
102,64,74,93,91,68,100,0,Civil Exam
104,76,61,97,100,0,99,76,Civil Exam
103,64,74,99,100,60,94,0,Civil Exam
98,80,77,92,98,0,94,77,Civil Exam
104,60,70,100,99,80,93,0,Civil Exam
101,79,61,92,91,78,90,0,Civil Exam
97,62,69,95,92,0,99,71,Civil Exam
99,66,73,100,93,80,89,0,Civil Exam
101,77,77,91,98,0,96,62,Civil Exam
99,75,66,94,95,0,91,79,Civil Exam
100,72,70,90,93,68,93,0,Civil Exam
102,70,66,94,100,75,97,0,Civil Exam
95,79,66,97,91,77,97,0,Civil Exam
97,73,78,90,91,0,94,66,Civil Exam
102,79,65,93,96,0,94,75,Civil Exam
101,80,73,90,89,0,95,70,Civil Exam
105,64,66,99,93,80,90,0,Civil Exam
102,63,73,94,92,0,94,62,Civil Exam
95,77,70,91,93,0,89,60,Civil Exam
99,78,63,99,99,65,94,0,Civil Exam
101,67,74,99,94,62,98,0,Civil Exam
98,66,60,90,91,73,90,0,Civil Exam
101,74,60,99,90,0,94,78,Civil Exam
100,72,66,94,99,0,95,80,Civil Exam
97,74,62,100,95,75,97,0,Civil Exam
97,67,71,97,99,66,96,0,Civil Exam
102,60,70,93,90,0,100,71,Civil Exam
105,71,71,91,97,0,93,75,Civil Exam
103,60,61,99,100,0,90,72,Civil Exam
100,65,63,96,94,73,97,0,Civil Exam
95,78,71,95,99,0,91,64,Civil Exam
101,68,62,96,89,80,98,0,Civil Exam
96,69,76,100,97,0,93,62,Civil Exam
105,75,66,95,89,79,91,0,Civil Exam
100,76,74,96,100,0,99,62,Civil Exam
96,62,63,95,92,0,98,61,Civil Exam
99,80,60,99,94,75,97,0,Civil Exam
102,71,67,95,91,0,90,70,Civil Exam
103,78,61,95,92,0,90,60,Civil Exam
103,74,77,90,93,0,89,78,Civil Exam
101,75,74,97,96,0,98,63,Civil Exam
95,61,78,96,89,0,90,62,Civil Exam
102,68,76,95,92,0,93,63,Civil Exam
98,68,62,90,97,70,95,0,Civil Exam
103,75,78,97,92,0,89,75,Civil Exam
104,68,63,89,90,0,100,72,Civil Exam
101,65,74,99,92,79,92,0,Civil Exam
100,68,75,98,90,74,98,0,Civil Exam
98,61,77,90,95,70,98,0,Civil Exam
104,75,77,100,90,77,89,0,Civil Exam
99,73,60,99,90,60,90,0,Civil Exam
103,68,75,93,94,0,95,66,Civil Exam
105,68,72,99,92,76,97,0,Civil Exam
98,75,68,90,99,0,98,67,Civil Exam
100,63,71,89,93,0,95,69,Civil Exam
102,62,70,97,89,73,90,0,Civil Exam
105,77,65,97,90,66,95,0,Civil Exam
103,79,71,97,99,60,99,0,Civil Exam
95,69,78,91,96,0,99,77,Civil Exam
96,64,69,95,91,0,96,62,Civil Exam
105,74,76,98,95,0,96,63,Civil Exam
101,61,73,93,100,64,95,0,Civil Exam
100,62,68,98,93,0,99,72,Civil Exam
100,68,73,100,99,63,97,0,Civil Exam
100,79,68,95,94,75,98,0,Civil Exam
95,66,77,94,89,61,91,0,Civil Exam
98,80,77,98,95,60,98,0,Civil Exam
105,67,70,100,95,66,100,0,Civil Exam
101,80,78,98,96,0,94,68,Civil Exam
105,79,73,96,100,66,90,0,Civil Exam
99,71,70,100,98,70,94,0,Civil Exam
101,67,76,95,90,80,90,0,Civil Exam
97,72,67,94,95,74,92,0,Civil Exam
99,68,72,100,98,0,93,80,Civil Exam
101,67,74,93,94,0,94,72,Civil Exam
102,75,61,100,89,0,90,71,Civil Exam
104,61,76,93,95,70,97,0,Civil Exam
97,78,68,90,97,60,92,0,Civil Exam
97,71,74,94,92,80,93,0,Civil Exam
101,70,74,99,94,0,95,66,Civil Exam
101,80,79,99,96,80,99,0,Civil Exam
97,62,71,97,93,0,100,73,Civil Exam
96,65,70,98,98,75,93,0,Civil Exam
99,74,78,89,91,73,97,0,Civil Exam
105,66,72,89,91,0,91,78,Civil Exam
95,60,60,94,100,0,98,79,Civil Exam
95,72,80,99,91,68,94,0,Civil Exam
100,72,68,96,94,0,97,72,Civil Exam
97,70,74,96,95,0,90,60,Civil Exam
100,73,66,92,98,0,97,66,Civil Exam
99,75,69,98,92,63,89,0,Civil Exam
102,63,67,94,99,78,92,0,Civil Exam
105,72,60,99,94,0,90,73,Civil Exam
95,80,68,91,97,69,92,0,Civil Exam
98,63,63,91,98,67,90,0,Civil Exam
99,64,78,93,94,64,89,0,Civil Exam
101,72,66,99,99,0,99,76,Civil Exam
98,80,63,93,92,0,94,80,Civil Exam
98,74,67,95,94,60,95,0,Civil Exam
98,69,75,99,90,0,99,64,Civil Exam
98,67,70,90,99,0,98,79,Civil Exam
97,71,76,92,94,70,89,0,Civil Exam
105,73,64,90,92,0,98,79,Civil Exam
100,65,78,93,94,0,99,76,Civil Exam
95,60,63,93,92,67,99,0,Civil Exam
95,70,67,96,96,72,93,0,Civil Exam
99,78,63,98,94,76,97,0,Civil Exam
95,79,66,96,96,65,99,0,Civil Exam
105,78,71,93,93,61,90,0,Civil Exam
101,73,63,97,99,0,99,68,Civil Exam
105,72,66,98,89,67,89,0,Civil Exam
101,66,70,100,96,60,98,0,Civil Exam
103,80,80,95,92,76,92,0,Civil Exam
98,61,80,99,97,69,89,0,Civil Exam
97,72,73,97,96,66,90,0,Civil Exam
100,71,66,97,90,77,98,0,Civil Exam
104,63,70,96,91,75,95,0,Civil Exam
97,68,62,99,99,0,100,74,Civil Exam
104,74,71,96,99,77,97,0,Civil Exam
102,65,75,91,97,0,93,73,Civil Exam
101,74,79,98,96,65,90,0,Civil Exam
103,79,64,94,92,0,91,78,Civil Exam
97,75,67,97,90,0,93,71,Civil Exam
105,73,71,100,100,0,99,60,Civil Exam
105,78,65,100,90,79,96,0,Civil Exam
95,65,73,92,95,0,100,76,Civil Exam
97,69,78,99,91,73,91,0,Civil Exam
102,80,62,95,92,0,100,61,Civil Exam
97,71,77,98,94,0,99,61,Civil Exam
99,74,61,98,95,68,90,0,Civil Exam
95,71,80,97,94,0,91,70,Civil Exam
96,65,65,96,97,0,93,72,Civil Exam
99,64,77,98,97,64,95,0,Civil Exam
96,68,78,96,97,72,90,0,Civil Exam
103,70,66,97,100,76,93,0,Civil Exam
99,62,70,92,89,0,89,75,Civil Exam
96,80,62,96,92,0,93,79,Civil Exam
103,68,78,96,89,0,94,75,Civil Exam
104,64,63,99,91,0,92,66,Civil Exam
104,74,66,94,95,0,97,74,Civil Exam
101,80,75,94,93,0,94,79,Civil Exam
105,78,63,94,92,0,100,72,Civil Exam
103,60,67,99,90,72,95,0,Civil Exam
98,68,69,93,89,69,90,0,Civil Exam
101,66,66,97,90,67,89,0,Civil Exam
99,66,61,89,89,0,91,79,Civil Exam
96,75,64,90,98,0,100,64,Civil Exam
99,66,65,93,96,0,95,76,Civil Exam
99,79,72,96,100,0,91,80,Civil Exam
100,63,75,100,92,0,90,67,Civil Exam
104,67,72,100,95,0,100,72,Civil Exam
95,78,79,94,90,62,100,0,Civil Exam
102,67,65,99,91,0,95,72,Civil Exam
96,74,68,100,95,0,89,72,Civil Exam
96,63,69,94,89,0,92,75,Civil Exam
105,62,64,91,92,70,94,0,Civil Exam
99,71,76,98,96,0,100,71,Civil Exam
105,69,79,93,96,0,92,60,Civil Exam
102,60,62,94,96,64,100,0,Civil Exam
95,62,60,100,89,68,96,0,Civil Exam
102,72,78,100,96,68,90,0,Civil Exam
101,74,66,90,98,69,89,0,Civil Exam
104,69,74,96,100,0,93,77,Civil Exam
99,65,63,95,92,0,94,78,Civil Exam
95,69,80,91,94,70,90,0,Civil Exam
102,64,77,89,94,77,95,0,Civil Exam
100,62,67,98,90,0,91,68,Civil Exam
98,64,79,98,95,0,91,76,Civil Exam
96,75,71,99,94,65,92,0,Civil Exam
105,72,69,91,97,71,100,0,Civil Exam
100,69,60,90,92,0,95,73,Civil Exam
103,79,78,91,92,0,95,71,Civil Exam
95,68,67,96,89,68,99,0,Civil Exam
96,67,75,99,99,60,94,0,Civil Exam
95,78,78,98,97,63,90,0,Civil Exam
97,65,65,91,91,71,98,0,Civil Exam
104,71,68,93,96,0,95,61,Civil Exam
97,60,62,98,96,61,91,0,Civil Exam
101,62,61,91,92,69,98,0,Civil Exam
105,76,78,98,94,70,99,0,Civil Exam
103,64,77,94,98,66,99,0,Civil Exam
100,69,61,89,93,0,96,73,Civil Exam
100,80,79,98,98,0,92,64,Civil Exam
103,77,64,90,90,61,90,0,Civil Exam
100,70,65,98,90,60,99,0,Civil Exam
96,70,70,93,95,0,98,72,Civil Exam
102,65,78,90,94,0,91,73,Civil Exam
104,65,60,95,94,69,92,0,Civil Exam
105,72,76,90,94,80,98,0,Civil Exam
97,71,64,97,92,61,91,0,Civil Exam
103,65,76,97,96,64,90,0,Civil Exam
98,79,72,97,97,78,98,0,Civil Exam
104,66,79,92,99,0,94,76,Civil Exam
96,62,65,98,97,74,90,0,Civil Exam
98,66,69,90,90,64,93,0,Civil Exam
101,75,67,92,95,73,89,0,Civil Exam
96,65,75,97,94,0,98,73,Civil Exam
101,66,61,94,91,0,89,75,Civil Exam
97,76,79,97,92,0,99,70,Civil Exam
103,62,71,91,91,0,89,71,Civil Exam
99,62,67,90,89,0,90,61,Civil Exam
101,63,65,89,99,0,96,64,Civil Exam
97,64,76,98,94,0,98,66,Civil Exam
102,79,61,92,98,62,89,0,Civil Exam
100,76,74,98,90,0,93,76,Civil Exam
98,80,60,92,89,70,90,0,Civil Exam
97,77,60,90,93,0,92,79,Civil Exam
101,71,60,99,94,69,95,0,Civil Exam
99,66,63,91,95,60,99,0,Civil Exam
104,80,74,95,92,0,98,64,Civil Exam
105,60,72,98,98,79,95,0,Civil Exam
98,74,74,90,91,80,89,0,Civil Exam
99,68,79,95,91,78,89,0,Civil Exam
96,65,69,95,98,78,99,0,Civil Exam
105,62,72,100,100,0,94,76,Civil Exam
105,64,80,100,93,0,100,72,Civil Exam
104,66,68,94,92,69,90,0,Civil Exam
102,62,63,100,98,0,93,76,Civil Exam
100,71,60,100,97,70,95,0,Civil Exam
98,69,79,90,100,0,99,60,Civil Exam
105,76,71,93,89,0,98,61,Civil Exam
100,67,76,96,89,75,89,0,Civil Exam
100,69,68,91,96,73,90,0,Civil Exam
101,71,67,95,89,0,98,67,Civil Exam
95,69,79,97,96,63,95,0,Civil Exam
99,78,79,89,94,0,98,79,Civil Exam
96,77,62,90,89,0,100,70,Civil Exam
96,65,69,91,91,0,89,80,Civil Exam
101,68,74,90,98,75,98,0,Civil Exam
97,80,75,90,95,80,100,0,Civil Exam
103,70,70,92,95,71,100,0,Civil Exam
95,71,77,99,89,67,92,0,Civil Exam
102,60,65,94,92,0,93,61,Civil Exam
102,61,64,99,90,71,95,0,Civil Exam
102,67,79,90,98,69,97,0,Civil Exam
100,61,62,93,91,0,95,63,Civil Exam
104,63,60,89,91,0,95,63,Civil Exam
98,75,68,95,96,61,92,0,Civil Exam
97,64,75,96,99,0,96,74,Civil Exam
101,64,77,92,91,0,95,62,Civil Exam
101,79,66,90,94,0,89,78,Civil Exam
95,64,77,100,98,64,91,0,Civil Exam
98,67,70,92,96,0,96,64,Civil Exam
98,67,75,99,93,71,90,0,Civil Exam
99,70,73,96,92,0,95,62,Civil Exam
103,65,75,92,100,63,94,0,Civil Exam
97,65,65,96,97,79,94,0,Civil Exam
104,80,80,89,97,0,92,60,Civil Exam
96,72,78,89,92,64,94,0,Civil Exam
101,72,79,96,94,0,98,69,Civil Exam
100,60,80,95,98,68,90,0,Civil Exam
99,60,73,93,95,0,100,77,Civil Exam
97,74,62,92,99,73,90,0,Civil Exam
104,65,77,92,94,0,90,71,Civil Exam
88,69,74,72,71,84,81,0,Social Work
80,70,80,0,76,100,94,74,Social Work
84,71,78,75,65,100,89,0,Social Work
89,67,73,60,62,96,89,0,Social Work
86,61,69,0,66,90,96,64,Social Work
88,71,67,0,68,96,99,70,Social Work
83,65,72,64,0,90,96,75,Social Work
83,76,77,76,60,88,91,0,Social Work
88,63,75,73,67,99,86,0,Social Work
85,70,61,63,0,85,99,76,Social Work
88,79,70,0,67,90,88,77,Social Work
80,77,78,72,0,85,96,64,Social Work
86,73,68,0,77,90,90,73,Social Work
83,61,72,70,0,96,98,67,Social Work
83,77,70,73,0,92,92,75,Social Work
80,77,72,0,78,86,83,74,Social Work
80,60,75,0,62,85,91,79,Social Work
80,65,63,0,76,90,84,77,Social Work
83,62,64,78,0,93,81,69,Social Work
80,76,62,72,0,84,86,79,Social Work
87,74,67,79,0,82,96,66,Social Work
80,72,80,62,67,97,98,0,Social Work
84,61,67,70,0,93,94,78,Social Work
87,64,79,79,70,98,88,0,Social Work
85,61,79,70,77,98,81,0,Social Work
90,65,67,67,66,93,93,0,Social Work
83,78,72,63,77,87,83,0,Social Work
84,80,69,0,60,94,82,80,Social Work
82,65,64,79,0,100,82,66,Social Work
87,76,69,0,60,100,89,71,Social Work
84,62,67,0,72,93,82,79,Social Work
88,76,72,78,0,82,85,61,Social Work
80,77,68,76,0,93,92,78,Social Work
83,67,62,0,68,89,83,65,Social Work
80,60,66,65,80,85,82,0,Social Work
89,78,64,0,78,96,98,75,Social Work
84,73,76,73,78,88,83,0,Social Work
85,65,66,70,73,99,83,0,Social Work
87,66,80,0,69,86,100,64,Social Work
89,71,70,0,75,89,86,75,Social Work
90,75,69,80,0,92,90,76,Social Work
90,60,63,77,72,92,84,0,Social Work
83,67,61,75,0,86,94,79,Social Work
80,62,79,71,0,89,85,70,Social Work
82,65,62,73,60,97,85,0,Social Work
83,78,62,73,60,91,94,0,Social Work
81,65,64,0,79,87,92,74,Social Work
81,61,79,78,72,96,86,0,Social Work
85,73,67,80,64,100,93,0,Social Work
90,60,69,80,69,87,84,0,Social Work
87,79,68,67,77,91,94,0,Social Work
83,78,75,66,67,87,90,0,Social Work
88,63,74,66,0,97,83,61,Social Work
89,78,74,80,0,97,85,68,Social Work
83,74,71,64,69,88,84,0,Social Work
84,69,78,71,77,90,96,0,Social Work
89,77,73,0,67,96,96,79,Social Work
80,71,68,69,0,84,82,70,Social Work
87,65,78,74,0,97,98,78,Social Work
89,62,75,61,78,88,88,0,Social Work
83,74,80,0,74,94,98,79,Social Work
85,71,76,0,67,81,83,77,Social Work
85,65,68,65,0,87,90,67,Social Work
81,77,62,0,75,95,81,77,Social Work
81,70,78,69,0,86,89,78,Social Work
81,62,65,63,68,89,98,0,Social Work
86,68,69,69,0,85,87,62,Social Work
81,64,63,0,77,98,100,61,Social Work
86,75,75,80,0,100,90,75,Social Work
89,76,69,0,60,86,96,73,Social Work
81,77,76,72,71,85,97,0,Social Work
83,67,70,0,60,100,98,80,Social Work
86,66,78,70,0,87,89,78,Social Work
82,71,70,74,71,83,90,0,Social Work
81,63,76,0,64,85,82,69,Social Work
84,80,70,61,0,87,86,71,Social Work
87,71,60,63,79,86,89,0,Social Work
84,65,71,76,75,89,91,0,Social Work
83,75,67,0,77,84,89,66,Social Work
85,61,65,0,80,95,93,72,Social Work
85,70,74,0,75,98,93,71,Social Work
90,66,62,79,0,90,100,69,Social Work
85,69,76,78,70,95,85,0,Social Work
88,65,61,72,0,95,87,62,Social Work
86,65,80,78,0,93,90,68,Social Work
86,79,62,70,62,89,91,0,Social Work
80,66,80,61,79,100,94,0,Social Work
89,77,76,78,0,100,91,79,Social Work
88,75,68,67,0,99,96,62,Social Work
87,70,69,60,62,91,89,0,Social Work
90,69,68,64,64,98,96,0,Social Work
84,78,79,71,72,91,85,0,Social Work
87,71,70,76,0,88,99,66,Social Work
88,68,62,78,0,81,86,71,Social Work
83,71,78,61,0,95,85,69,Social Work
81,75,75,0,67,82,88,68,Social Work
90,75,71,0,72,90,90,72,Social Work
88,60,68,66,79,93,87,0,Social Work
84,60,66,72,73,83,92,0,Social Work
85,67,65,0,66,91,96,68,Social Work
86,63,60,64,74,88,91,0,Social Work
85,70,73,69,0,93,86,62,Social Work
82,78,72,76,79,87,100,0,Social Work
82,67,62,0,65,99,99,65,Social Work
81,62,74,62,78,94,85,0,Social Work
81,76,61,0,67,97,93,65,Social Work
80,63,72,70,0,91,98,69,Social Work
84,69,72,64,0,82,90,63,Social Work
84,66,69,0,62,97,84,62,Social Work
85,71,80,63,0,81,83,69,Social Work
84,70,80,69,0,97,84,75,Social Work
90,62,75,0,73,90,93,61,Social Work
85,70,62,0,72,96,91,74,Social Work
83,67,66,0,74,85,97,67,Social Work
90,69,68,80,76,86,82,0,Social Work
87,75,61,77,76,84,81,0,Social Work
83,76,80,71,68,93,100,0,Social Work
88,75,69,64,0,81,81,77,Social Work
83,69,64,0,67,87,90,80,Social Work
84,79,61,0,66,91,92,61,Social Work
83,80,69,0,75,82,88,67,Social Work
81,71,71,79,0,96,91,79,Social Work
86,74,71,77,60,89,85,0,Social Work
87,69,72,80,0,90,99,66,Social Work
84,62,74,76,80,86,98,0,Social Work
80,76,73,0,75,86,81,71,Social Work
86,65,61,0,80,99,99,68,Social Work
89,64,70,76,76,86,98,0,Social Work
90,68,64,67,0,84,87,74,Social Work
80,76,80,66,0,87,88,77,Social Work
89,80,78,80,0,100,98,65,Social Work
86,76,64,67,0,92,91,61,Social Work
88,60,78,60,69,95,92,0,Social Work
88,66,61,73,77,97,82,0,Social Work
82,78,68,0,73,87,90,77,Social Work
85,74,73,66,0,100,98,80,Social Work
85,77,71,0,61,99,93,74,Social Work
84,64,75,80,65,84,98,0,Social Work
83,60,69,69,70,97,85,0,Social Work
83,70,61,0,75,95,99,71,Social Work
87,72,72,64,64,87,81,0,Social Work
83,60,65,0,61,94,98,73,Social Work
86,69,60,79,74,90,88,0,Social Work
86,66,78,80,62,92,91,0,Social Work
81,79,63,0,60,94,89,71,Social Work
89,61,60,0,71,89,93,60,Social Work
85,62,68,0,80,91,98,65,Social Work
81,68,62,73,63,95,98,0,Social Work
80,72,78,0,63,88,99,77,Social Work
81,66,66,0,74,81,83,74,Social Work
85,74,61,80,0,86,100,73,Social Work
88,71,61,0,65,97,87,63,Social Work
89,63,66,63,0,86,86,74,Social Work
90,72,68,77,67,93,93,0,Social Work
85,64,80,66,0,87,88,63,Social Work
88,64,61,64,60,98,98,0,Social Work
89,67,75,70,65,82,88,0,Social Work
89,65,75,0,73,86,81,73,Social Work
83,68,71,0,76,90,81,68,Social Work
81,76,72,0,79,99,99,76,Social Work
89,80,77,0,76,85,87,64,Social Work
90,78,62,66,0,88,85,74,Social Work
85,74,71,76,75,81,93,0,Social Work
82,72,61,70,0,87,86,73,Social Work
85,61,79,64,0,89,84,80,Social Work
88,78,78,72,60,86,96,0,Social Work
88,62,74,80,72,89,98,0,Social Work
87,73,75,60,0,90,99,75,Social Work
83,68,62,0,77,81,92,80,Social Work
87,77,76,60,72,100,93,0,Social Work
81,80,71,60,64,92,86,0,Social Work
88,70,78,71,0,90,87,75,Social Work
89,74,69,67,80,83,87,0,Social Work
83,62,76,77,76,97,84,0,Social Work
85,74,78,74,69,89,90,0,Social Work
80,67,80,0,79,99,95,76,Social Work
88,73,62,0,64,93,100,61,Social Work
90,66,66,78,0,97,95,65,Social Work
88,73,73,0,67,82,90,78,Social Work
86,77,73,0,68,97,100,65,Social Work
84,63,79,76,0,92,85,67,Social Work
88,79,70,79,0,91,95,71,Social Work
82,80,65,66,0,94,81,80,Social Work
84,76,71,0,74,81,92,76,Social Work
90,63,73,0,74,93,93,80,Social Work
82,75,62,80,76,100,87,0,Social Work
86,80,77,0,65,83,90,71,Social Work
80,70,72,0,72,81,87,63,Social Work
90,62,76,67,61,92,89,0,Social Work
87,71,63,64,76,87,85,0,Social Work
85,79,66,0,69,89,96,75,Social Work
86,65,62,75,69,85,87,0,Social Work
87,62,62,0,73,90,97,78,Social Work
89,76,74,80,0,87,90,63,Social Work
81,71,66,61,73,88,99,0,Social Work
81,60,77,0,71,96,97,79,Social Work
81,65,60,69,0,90,81,74,Social Work
88,61,75,75,64,94,95,0,Social Work
88,74,64,71,76,90,90,0,Social Work
86,77,67,0,70,84,88,78,Social Work
87,77,74,76,0,86,87,79,Social Work
88,60,71,75,80,95,94,0,Social Work
89,65,60,0,63,91,89,60,Social Work
81,78,76,0,76,95,88,62,Social Work
83,66,60,80,69,98,97,0,Social Work
89,64,79,66,75,91,85,0,Social Work
84,63,75,0,65,93,99,62,Social Work
85,62,60,61,0,81,93,76,Social Work
87,75,73,80,0,99,94,72,Social Work
80,64,76,0,75,98,88,72,Social Work
87,73,77,68,64,85,93,0,Social Work
90,65,69,80,0,95,92,61,Social Work
89,78,78,68,77,87,84,0,Social Work
81,65,74,0,69,94,90,80,Social Work
81,77,60,0,68,96,90,63,Social Work
85,74,76,0,75,92,83,79,Social Work
80,70,80,65,0,83,82,66,Social Work
82,75,80,71,63,83,86,0,Social Work
83,63,65,0,64,88,95,77,Social Work
82,71,77,76,62,99,85,0,Social Work
88,80,67,78,0,100,94,78,Social Work
80,76,67,73,73,92,94,0,Social Work
81,80,60,63,0,81,86,76,Social Work
87,63,68,66,64,95,96,0,Social Work
84,60,63,73,64,86,88,0,Social Work
89,78,69,73,0,92,95,60,Social Work
88,76,68,76,78,81,97,0,Social Work
80,61,67,69,62,89,90,0,Social Work
83,60,60,77,71,100,86,0,Social Work
80,75,75,62,79,97,90,0,Social Work
80,64,66,68,0,99,90,80,Social Work
90,62,79,70,0,93,98,76,Social Work
87,72,79,0,80,86,89,68,Social Work
85,60,67,0,68,94,99,69,Social Work
85,68,63,76,0,82,90,69,Social Work
89,61,62,0,72,98,84,66,Social Work
89,60,63,70,73,85,98,0,Social Work
85,74,62,70,67,91,86,0,Social Work
83,71,79,62,78,98,95,0,Social Work
84,63,79,79,0,96,93,78,Social Work
89,75,76,67,0,83,86,70,Social Work
82,65,65,0,67,89,97,63,Social Work
82,67,78,79,0,94,88,66,Social Work
88,77,60,0,74,94,81,76,Social Work
90,63,73,65,0,95,83,78,Social Work
87,77,68,0,78,93,100,78,Social Work
84,63,74,66,0,82,94,65,Social Work
86,77,74,0,68,98,90,76,Social Work
90,61,70,62,0,90,95,72,Social Work
89,65,65,0,69,85,91,73,Social Work
85,74,72,70,0,99,89,61,Social Work
83,67,64,0,65,88,90,75,Social Work
86,72,74,68,0,91,90,60,Social Work
84,67,61,66,80,96,92,0,Social Work
89,61,68,70,66,99,91,0,Social Work
88,66,76,67,0,97,87,65,Social Work
83,69,73,78,0,81,99,73,Social Work
83,70,71,69,0,90,87,72,Social Work
81,66,75,61,63,99,100,0,Social Work
82,61,62,77,75,96,92,0,Social Work
80,65,68,63,0,100,97,66,Social Work
90,80,60,0,64,95,94,78,Social Work
90,80,62,63,0,85,89,80,Social Work
82,74,75,0,69,90,93,68,Social Work
84,68,60,71,0,83,82,68,Social Work
88,66,65,0,68,92,99,75,Social Work
87,61,74,75,72,86,82,0,Social Work
84,75,63,76,0,97,94,76,Social Work
85,75,66,69,0,92,82,63,Social Work
82,62,63,65,0,92,95,65,Social Work
82,66,80,0,68,99,95,78,Social Work
85,63,61,76,68,91,89,0,Social Work
87,73,68,64,0,94,93,66,Social Work
80,80,73,66,76,81,94,0,Social Work
85,68,65,70,62,87,100,0,Social Work
86,69,73,0,78,83,99,77,Social Work
89,77,74,0,70,100,84,73,Social Work
84,61,69,0,80,89,97,76,Social Work
89,80,72,74,0,83,82,68,Social Work
84,77,74,80,79,89,89,0,Social Work
83,63,63,65,0,98,97,60,Social Work
90,61,78,0,79,84,93,72,Social Work
82,75,71,65,77,85,99,0,Social Work
82,65,73,68,79,81,81,0,Social Work
90,75,67,0,75,97,96,64,Social Work
89,78,72,69,79,97,96,0,Social Work
90,70,62,0,65,96,94,71,Social Work
82,74,64,0,80,100,84,63,Social Work
82,80,76,75,0,91,81,62,Social Work
84,70,69,0,71,94,93,61,Social Work
84,70,69,62,77,86,95,0,Social Work
81,66,64,75,74,88,91,0,Social Work
83,73,70,76,0,88,92,69,Social Work
81,79,60,0,68,89,81,79,Social Work
89,60,63,0,79,92,95,69,Social Work
81,80,62,64,0,90,81,64,Social Work
87,79,70,0,63,97,97,80,Social Work
82,69,68,0,72,83,99,62,Social Work
84,68,70,0,71,97,90,70,Social Work
87,78,62,74,73,92,91,0,Social Work
89,77,64,67,69,0,97,84,Environmental Science
83,73,71,0,66,78,87,87,Environmental Science
85,68,78,68,0,68,96,100,Environmental Science
82,64,73,60,0,76,91,96,Environmental Science
82,79,71,69,0,80,94,86,Environmental Science
85,68,67,0,69,64,83,100,Environmental Science
88,60,62,73,0,79,96,91,Environmental Science
85,69,66,67,0,76,98,83,Environmental Science
82,79,78,72,0,61,87,92,Environmental Science
88,79,65,80,63,0,93,99,Environmental Science
81,78,79,0,60,77,100,83,Environmental Science
86,70,66,64,0,62,83,96,Environmental Science
80,62,63,0,78,67,92,99,Environmental Science
83,79,77,66,0,72,89,95,Environmental Science
80,67,80,70,0,67,94,86,Environmental Science
83,65,73,0,79,63,83,87,Environmental Science
82,61,63,71,75,0,85,90,Environmental Science
86,73,80,75,76,0,86,91,Environmental Science
90,65,67,0,65,69,87,86,Environmental Science
80,79,69,73,0,65,96,94,Environmental Science
89,76,79,60,0,65,84,86,Environmental Science
90,61,72,0,64,74,88,94,Environmental Science
90,80,68,0,66,75,99,92,Environmental Science
88,65,79,68,69,0,94,96,Environmental Science
80,73,78,79,0,71,99,90,Environmental Science
85,62,63,76,71,0,98,97,Environmental Science
84,65,64,63,0,75,90,87,Environmental Science
82,73,78,80,0,71,92,83,Environmental Science
82,79,79,79,0,66,92,91,Environmental Science
88,77,77,65,0,72,98,95,Environmental Science
80,78,68,72,71,0,87,100,Environmental Science
89,62,71,0,70,71,96,90,Environmental Science
86,70,63,0,74,70,89,92,Environmental Science
90,64,71,0,61,69,95,99,Environmental Science
87,74,70,0,62,77,100,86,Environmental Science
85,65,78,79,0,70,98,96,Environmental Science
86,64,60,0,72,64,100,91,Environmental Science
88,66,67,60,66,0,97,83,Environmental Science
84,73,70,0,73,78,87,88,Environmental Science
87,64,61,0,74,63,98,88,Environmental Science
89,64,79,71,0,73,91,84,Environmental Science
85,62,74,75,0,71,85,96,Environmental Science
81,64,60,62,0,71,96,85,Environmental Science
88,63,65,72,70,0,89,88,Environmental Science
86,65,70,0,64,70,97,88,Environmental Science
80,63,73,75,64,0,94,98,Environmental Science
87,70,73,0,60,74,84,91,Environmental Science
83,80,68,63,65,0,99,98,Environmental Science
83,69,69,0,72,66,87,90,Environmental Science
84,75,61,69,78,0,86,99,Environmental Science
84,63,80,80,0,62,94,91,Environmental Science
82,80,73,77,0,73,91,100,Environmental Science
85,78,70,76,77,0,92,95,Environmental Science
90,75,68,0,71,76,96,91,Environmental Science
87,69,72,77,0,60,100,95,Environmental Science
82,74,69,0,73,70,83,99,Environmental Science
85,70,67,0,77,72,88,83,Environmental Science
85,69,79,79,0,62,93,98,Environmental Science
87,66,79,0,63,78,96,84,Environmental Science
89,72,60,68,74,0,93,86,Environmental Science
88,68,80,0,72,66,98,98,Environmental Science
85,63,71,0,74,79,100,86,Environmental Science
88,65,79,61,75,0,84,100,Environmental Science
88,73,80,0,78,63,85,93,Environmental Science
86,79,61,64,0,73,85,96,Environmental Science
84,72,62,65,0,60,89,93,Environmental Science
88,67,72,0,78,80,90,88,Environmental Science
85,62,79,0,75,76,100,92,Environmental Science
82,76,66,69,64,0,93,94,Environmental Science
83,69,65,78,75,0,94,88,Environmental Science
88,74,61,71,0,62,100,90,Environmental Science
85,76,71,60,72,0,92,99,Environmental Science
81,61,79,65,0,62,98,87,Environmental Science
86,69,79,64,79,0,85,91,Environmental Science
84,79,71,72,0,72,94,87,Environmental Science
90,62,68,67,0,63,85,95,Environmental Science
81,72,68,0,79,67,90,85,Environmental Science
89,73,75,61,0,70,99,97,Environmental Science
86,60,77,75,0,71,85,97,Environmental Science
84,79,70,0,69,61,91,94,Environmental Science
86,78,71,0,79,80,97,94,Environmental Science
88,79,75,0,64,80,91,89,Environmental Science
82,62,70,0,62,80,98,94,Environmental Science
89,77,75,61,75,0,92,97,Environmental Science
85,76,72,65,0,70,89,91,Environmental Science
90,76,80,0,79,66,86,86,Environmental Science
84,68,78,74,0,64,96,93,Environmental Science
81,72,65,0,73,64,91,83,Environmental Science
80,69,63,80,63,0,99,93,Environmental Science
83,78,70,0,64,73,100,93,Environmental Science
90,76,67,0,75,65,91,95,Environmental Science
85,68,71,66,0,78,98,92,Environmental Science
86,61,76,64,0,76,93,89,Environmental Science
81,72,78,0,72,68,100,84,Environmental Science
84,72,67,68,0,79,96,100,Environmental Science
86,76,80,0,67,61,93,88,Environmental Science
83,79,72,0,70,61,90,84,Environmental Science
87,79,75,0,70,67,97,83,Environmental Science
86,65,71,72,0,63,84,85,Environmental Science
83,63,71,70,0,66,92,94,Environmental Science
87,66,72,68,0,70,90,100,Environmental Science
80,78,72,63,75,0,83,98,Environmental Science
89,73,77,75,75,0,94,99,Environmental Science
81,67,60,0,72,78,83,92,Environmental Science
84,62,71,68,0,79,87,95,Environmental Science
89,77,60,69,0,60,97,99,Environmental Science
84,72,72,63,74,0,92,86,Environmental Science
81,66,65,68,0,62,95,90,Environmental Science
83,74,68,73,68,0,94,95,Environmental Science
85,61,72,62,62,0,92,95,Environmental Science
84,75,65,0,80,66,92,91,Environmental Science
89,65,75,80,78,0,96,89,Environmental Science
82,75,77,0,79,70,83,92,Environmental Science
83,67,79,77,73,0,86,85,Environmental Science
84,62,62,80,73,0,88,84,Environmental Science
81,77,71,65,0,69,94,100,Environmental Science
90,60,72,67,71,0,86,89,Environmental Science
80,60,67,70,80,0,84,94,Environmental Science
82,79,71,67,0,76,93,91,Environmental Science
81,74,60,71,0,73,95,91,Environmental Science
81,74,62,0,80,61,89,98,Environmental Science
83,67,65,66,0,76,87,99,Environmental Science
80,63,79,77,0,61,93,97,Environmental Science
82,66,76,0,75,66,99,100,Environmental Science
90,74,79,0,63,64,99,90,Environmental Science
81,78,75,74,0,63,87,93,Environmental Science
88,61,65,67,72,0,87,92,Environmental Science
84,63,61,63,74,0,96,89,Environmental Science
85,77,62,0,72,77,97,92,Environmental Science
81,67,65,77,0,80,93,96,Environmental Science
82,69,78,0,70,60,96,95,Environmental Science
87,60,71,79,0,79,85,87,Environmental Science
86,64,77,75,0,65,100,93,Environmental Science
81,64,68,0,60,77,95,100,Environmental Science
81,75,71,69,79,0,98,90,Environmental Science
84,66,74,69,0,62,83,99,Environmental Science
90,80,68,69,0,70,93,94,Environmental Science
81,66,69,76,67,0,83,96,Environmental Science
81,71,66,60,0,75,90,93,Environmental Science
81,72,70,75,0,60,85,93,Environmental Science
81,69,60,77,0,72,93,91,Environmental Science
86,70,63,0,77,80,89,98,Environmental Science
90,64,71,0,61,73,84,86,Environmental Science
85,75,76,77,0,78,84,94,Environmental Science
88,70,64,75,0,68,91,93,Environmental Science
82,60,61,68,79,0,88,93,Environmental Science
88,80,73,0,61,78,96,99,Environmental Science
86,78,60,72,76,0,99,89,Environmental Science
81,66,77,71,0,66,100,94,Environmental Science
86,78,74,75,0,75,89,87,Environmental Science
90,79,60,0,67,69,98,92,Environmental Science
84,78,74,0,74,78,95,88,Environmental Science
87,66,63,69,0,62,90,98,Environmental Science
87,64,66,80,70,0,98,84,Environmental Science
85,80,69,75,0,62,91,84,Environmental Science
87,61,75,0,73,77,84,90,Environmental Science
86,77,66,69,63,0,96,85,Environmental Science
85,72,66,0,78,68,98,98,Environmental Science
80,73,65,0,68,73,91,88,Environmental Science
87,71,60,0,78,61,93,90,Environmental Science
83,67,75,0,70,80,99,93,Environmental Science
88,76,64,67,76,0,96,90,Environmental Science
83,74,67,72,69,0,95,100,Environmental Science
84,61,60,70,0,67,91,89,Environmental Science
80,76,77,0,70,63,99,91,Environmental Science
80,71,67,0,78,71,85,87,Environmental Science
80,73,78,77,72,0,83,92,Environmental Science
83,74,76,0,64,76,91,86,Environmental Science
85,75,60,0,62,76,90,89,Environmental Science
84,68,80,76,0,68,86,97,Environmental Science
81,76,65,0,77,76,93,99,Environmental Science
88,64,75,78,60,0,94,96,Environmental Science
89,78,66,79,69,0,90,94,Environmental Science
88,69,60,78,0,76,83,98,Environmental Science
87,78,70,0,74,74,94,83,Environmental Science
86,75,74,60,0,71,92,88,Environmental Science
90,61,64,0,80,72,92,97,Environmental Science
89,73,61,0,69,66,97,90,Environmental Science
82,77,78,0,74,70,95,95,Environmental Science
89,79,61,79,0,80,100,84,Environmental Science
84,65,74,60,0,78,84,94,Environmental Science
84,64,72,0,61,72,98,83,Environmental Science
85,75,67,64,0,70,90,85,Environmental Science
85,60,77,75,79,0,98,95,Environmental Science
82,74,73,0,67,70,83,93,Environmental Science
83,76,74,0,69,66,89,96,Environmental Science
90,67,70,79,78,0,92,92,Environmental Science
90,80,65,63,0,70,91,89,Environmental Science
83,67,76,65,69,0,93,89,Environmental Science
90,74,65,0,75,78,88,90,Environmental Science
88,67,72,0,64,80,96,96,Environmental Science
83,71,67,0,68,77,89,90,Environmental Science
90,79,67,70,80,0,84,93,Environmental Science
89,60,69,61,77,0,95,96,Environmental Science
90,71,78,79,0,75,89,100,Environmental Science
85,71,78,0,74,72,91,90,Environmental Science
89,64,70,0,72,70,98,84,Environmental Science
85,73,74,74,0,79,90,95,Environmental Science
84,70,77,62,66,0,90,96,Environmental Science
88,64,77,0,77,65,85,85,Environmental Science
86,69,65,0,65,68,89,83,Environmental Science
84,63,70,0,73,71,96,95,Environmental Science
87,73,72,67,80,0,88,95,Environmental Science
83,65,71,0,68,78,95,87,Environmental Science
82,72,69,0,75,67,99,89,Environmental Science
85,68,60,72,0,70,89,97,Environmental Science
90,74,75,0,74,70,94,93,Environmental Science
86,71,72,0,70,77,93,85,Environmental Science
90,61,74,68,67,0,86,100,Environmental Science
84,77,76,61,65,0,95,93,Environmental Science
81,61,69,73,72,0,99,89,Environmental Science
88,60,71,65,61,0,88,97,Environmental Science
84,73,78,67,71,0,89,83,Environmental Science
87,60,67,0,68,69,87,99,Environmental Science
80,67,73,0,72,66,86,93,Environmental Science
82,77,80,67,75,0,99,96,Environmental Science
81,71,78,60,0,73,85,84,Environmental Science
89,60,79,75,65,0,91,90,Environmental Science
86,69,72,0,69,65,91,98,Environmental Science
84,66,66,60,0,73,98,86,Environmental Science
86,78,65,0,73,67,99,98,Environmental Science
89,61,76,63,67,0,86,86,Environmental Science
83,67,60,0,62,75,100,100,Environmental Science
80,72,76,72,62,0,97,98,Environmental Science
80,75,63,0,61,62,96,91,Environmental Science
89,77,71,60,0,79,94,88,Environmental Science
82,62,62,61,0,70,99,83,Environmental Science
80,69,67,0,67,67,86,90,Environmental Science
81,61,77,75,0,60,94,88,Environmental Science
89,79,71,74,66,0,88,88,Environmental Science
89,73,64,0,68,74,99,85,Environmental Science
86,78,69,78,73,0,85,91,Environmental Science
86,75,65,77,80,0,90,100,Environmental Science
90,60,65,78,76,0,94,93,Environmental Science
84,70,60,0,61,73,83,89,Environmental Science
90,69,75,65,0,71,91,97,Environmental Science
81,62,62,61,67,0,88,85,Environmental Science
83,76,68,77,75,0,87,96,Environmental Science
84,62,66,60,73,0,93,86,Environmental Science
83,69,64,78,0,66,96,88,Environmental Science
83,78,67,62,79,0,96,99,Environmental Science
85,80,68,60,0,79,97,94,Environmental Science
82,68,79,62,0,68,90,98,Environmental Science
81,62,65,64,62,0,94,84,Environmental Science
88,63,66,0,73,63,93,89,Environmental Science
87,68,79,0,62,72,89,96,Environmental Science
84,79,65,67,0,79,97,91,Environmental Science
85,61,73,0,79,62,95,92,Environmental Science
83,63,64,0,64,72,91,97,Environmental Science
85,72,75,0,80,65,98,100,Environmental Science
85,74,74,61,0,79,93,85,Environmental Science
85,71,68,60,78,0,95,83,Environmental Science
83,63,60,68,74,0,89,86,Environmental Science
84,79,65,60,0,79,91,87,Environmental Science
89,64,79,0,63,67,90,89,Environmental Science
90,70,66,0,79,62,95,91,Environmental Science
84,66,79,74,73,0,83,92,Environmental Science
80,70,62,0,64,61,88,99,Environmental Science
83,73,68,71,79,0,100,83,Environmental Science
90,63,66,0,70,72,95,99,Environmental Science
81,65,69,65,68,0,87,84,Environmental Science
80,78,64,0,76,70,100,85,Environmental Science
88,72,70,0,72,69,86,83,Environmental Science
85,64,69,68,0,66,95,86,Environmental Science
85,77,69,61,0,63,94,96,Environmental Science
87,69,70,62,79,0,87,85,Environmental Science
88,73,67,78,0,75,84,97,Environmental Science
82,61,73,80,73,0,97,83,Environmental Science
87,80,65,0,79,78,100,95,Environmental Science
83,70,60,76,0,63,92,92,Environmental Science
90,74,77,0,62,79,99,88,Environmental Science
88,65,67,78,62,0,84,98,Environmental Science
84,69,69,0,64,80,96,90,Environmental Science
89,65,66,0,68,67,88,98,Environmental Science
84,65,80,0,69,77,97,93,Environmental Science
88,61,65,64,0,69,91,83,Environmental Science
89,62,79,76,0,70,96,84,Environmental Science
90,79,68,78,0,68,98,100,Environmental Science
89,74,67,0,78,62,92,90,Environmental Science
90,76,79,60,0,77,87,99,Environmental Science
81,74,72,70,0,64,99,96,Environmental Science
84,79,72,80,76,0,86,94,Environmental Science
90,60,73,66,63,0,95,86,Environmental Science
86,64,76,73,0,78,98,85,Environmental Science
80,68,80,0,80,78,95,87,Environmental Science
88,72,62,77,0,67,84,90,Environmental Science
83,66,76,80,0,77,84,96,Environmental Science
85,79,70,67,0,75,83,99,Environmental Science
89,63,64,0,77,72,85,87,Environmental Science
88,79,74,64,72,0,86,92,Environmental Science
84,69,70,0,72,60,92,96,Environmental Science
82,64,70,74,0,77,91,86,Environmental Science
86,71,73,77,0,69,85,100,Environmental Science
85,77,60,61,71,0,98,96,Environmental Science
87,62,67,80,80,0,100,83,Environmental Science
88,69,75,0,61,78,100,85,Environmental Science
81,70,72,69,0,72,96,93,Environmental Science
82,80,78,0,71,60,95,98,Environmental Science
83,77,74,0,72,64,95,96,Environmental Science
87,61,61,75,78,0,86,86,Environmental Science
